frame num,molecule num,x (nm),y (nm),z (nm),x fid-corrected (nm),y fid-corrected (nm), z fid-corrected (nm),photons detected,mean background photons
1,1,26154,10606,-1207.3,NaN,NaN,NaN,19775,52.718
2,1,26164,10623,-1245.8,NaN,NaN,NaN,17282,52.725
3,1,26156,10620,-1242.7,NaN,NaN,NaN,16017,52.736
4,1,26144,10612,-1234.4,NaN,NaN,NaN,14571,52.917
5,1,26155,10616,-1234.9,NaN,NaN,NaN,17547,52.807
6,1,26145,10615,-1245,NaN,NaN,NaN,17072,52.95
7,1,26153,10622,-1248.8,NaN,NaN,NaN,15345,52.884
8,1,26143,10624,-1235.4,NaN,NaN,NaN,18978,52.634
9,1,26143,10603,-1236.4,NaN,NaN,NaN,14344,52.555
10,1,26140,10614,-1236.3,NaN,NaN,NaN,17099,52.891
11,1,26154,10616,-1232.3,NaN,NaN,NaN,15201,52.559
12,1,26164,10619,-1244,NaN,NaN,NaN,19138,52.873
13,1,26148,10604,-1217.5,NaN,NaN,NaN,15514,52.65
14,1,26157,10614,-1232.9,NaN,NaN,NaN,15289,52.847
15,1,26155,10615,-1250.5,NaN,NaN,NaN,14574,52.65
16,1,26144,10609,-1256,NaN,NaN,NaN,16942,52.865
17,1,26149,10618,-1265.1,NaN,NaN,NaN,15665,52.663
18,1,26144,10610,-1255.1,NaN,NaN,NaN,17578,52.627
19,1,26158,10614,-1250.6,NaN,NaN,NaN,16114,52.646
20,1,26146,10615,-1256.9,NaN,NaN,NaN,17869,52.891
21,1,26159,10620,-1239.4,NaN,NaN,NaN,17437,52.978
22,1,26157,10617,-1265.7,NaN,NaN,NaN,14411,52.668
23,1,26147,10614,-1253.7,NaN,NaN,NaN,17950,53.005
24,1,26150,10617,-1254.6,NaN,NaN,NaN,16351,52.656
25,1,26139,10609,-1255.8,NaN,NaN,NaN,19469,52.806
26,1,26148,10619,-1268.4,NaN,NaN,NaN,16301,52.75
27,1,26149,10616,-1236,NaN,NaN,NaN,15927,52.982
28,1,26160,10614,-1250.9,NaN,NaN,NaN,14687,52.662
29,1,26148,10607,-1246.6,NaN,NaN,NaN,14945,52.71
30,1,26145,10621,-1247.4,NaN,NaN,NaN,15317,52.891
31,1,26151,10614,-1231.5,NaN,NaN,NaN,17556,52.93
32,1,26155,10620,-1226.4,NaN,NaN,NaN,18281,53.087
33,1,26152,10618,-1226.8,NaN,NaN,NaN,16689,52.967
34,1,26147,10607,-1228.1,NaN,NaN,NaN,16581,52.691
35,1,26158,10615,-1233.2,NaN,NaN,NaN,18233,53.022
36,1,26149,10614,-1236.5,NaN,NaN,NaN,20963,52.994
37,1,26154,10611,-1249.8,NaN,NaN,NaN,13761,52.735
38,1,26145,10614,-1246,NaN,NaN,NaN,18607,52.696
39,1,26147,10621,-1243.1,NaN,NaN,NaN,16624,53.115
40,1,26161,10608,-1251.1,NaN,NaN,NaN,18670,52.909
41,1,26151,10613,-1236,NaN,NaN,NaN,16873,52.624
42,1,26145,10620,-1262.7,NaN,NaN,NaN,13437,52.891
43,1,26160,10618,-1252,NaN,NaN,NaN,17150,52.601
44,1,26166,10613,-1223.4,NaN,NaN,NaN,18756,52.878
45,1,26165,10620,-1215.6,NaN,NaN,NaN,15344,52.89
46,1,26138,10595,-1225.6,NaN,NaN,NaN,14591,52.823
47,1,26157,10615,-1234.3,NaN,NaN,NaN,17270,52.606
48,1,26150,10623,-1215.9,NaN,NaN,NaN,18686,52.932
49,1,26153,10614,-1236,NaN,NaN,NaN,18884,52.93
50,1,26152,10607,-1230.8,NaN,NaN,NaN,16707,52.846
51,1,26155,10618,-1238.9,NaN,NaN,NaN,18256,52.859
52,1,26145,10623,-1242.1,NaN,NaN,NaN,15849,52.696
53,1,26155,10613,-1206.7,NaN,NaN,NaN,17464,53.051
54,1,26145,10624,-1233.9,NaN,NaN,NaN,17366,52.614
55,1,26154,10621,-1221.6,NaN,NaN,NaN,14665,52.786
56,1,26147,10624,-1247.6,NaN,NaN,NaN,19172,52.894
57,1,26152,10618,-1247.8,NaN,NaN,NaN,15905,52.835
58,1,26153,10615,-1243.7,NaN,NaN,NaN,19212,52.924
59,1,26143,10609,-1226,NaN,NaN,NaN,13964,52.59
60,1,26157,10621,-1222.8,NaN,NaN,NaN,17343,52.83
61,1,26155,10616,-1204.4,NaN,NaN,NaN,22598,52.863
62,1,26153,10616,-1233.7,NaN,NaN,NaN,19362,53.114
63,1,26149,10622,-1223.5,NaN,NaN,NaN,20582,53.115
64,1,26148,10619,-1202.7,NaN,NaN,NaN,18653,53.117
65,1,26159,10619,-1222.1,NaN,NaN,NaN,18106,52.876
66,1,26154,10622,-1204.4,NaN,NaN,NaN,20677,52.959
67,1,26154,10616,-1223.4,NaN,NaN,NaN,15083,52.888
68,1,26147,10632,-1238.6,NaN,NaN,NaN,21112,53.094
69,1,26147,10610,-1252.7,NaN,NaN,NaN,16270,52.64
70,1,26153,10623,-1224,NaN,NaN,NaN,16932,52.812
71,1,26140,10619,-1228,NaN,NaN,NaN,20691,53.023
72,1,26155,10624,-1223.8,NaN,NaN,NaN,15289,53.097
73,1,26150,10613,-1238.5,NaN,NaN,NaN,13893,52.575
74,1,26150,10621,-1231.5,NaN,NaN,NaN,14506,52.772
75,1,26142,10614,-1229.5,NaN,NaN,NaN,16806,53.052
76,1,26146,10613,-1230.4,NaN,NaN,NaN,18440,53.089
77,1,26144,10619,-1230,NaN,NaN,NaN,17534,52.625
78,1,26152,10619,-1247.7,NaN,NaN,NaN,12895,52.609
79,1,26148,10617,-1237.1,NaN,NaN,NaN,12741,52.664
80,1,26154,10629,-1256.5,NaN,NaN,NaN,14732,52.556
81,1,26151,10618,-1242,NaN,NaN,NaN,15485,52.85
82,1,26155,10613,-1237.1,NaN,NaN,NaN,14712,52.792
83,1,26159,10624,-1240,NaN,NaN,NaN,16259,52.984
84,1,26159,10631,-1253.5,NaN,NaN,NaN,18991,53.074
85,1,26143,10615,-1232.4,NaN,NaN,NaN,13063,52.872
86,1,26154,10614,-1256.4,NaN,NaN,NaN,13491,52.785
87,1,26136,10616,-1245.4,NaN,NaN,NaN,13313,53.019
88,1,26159,10612,-1259.7,NaN,NaN,NaN,11233,52.788
89,1,26157,10623,-1265.1,NaN,NaN,NaN,13795,52.581
90,1,26144,10614,-1260.4,NaN,NaN,NaN,11615,52.663
91,1,26149,10625,-1242.2,NaN,NaN,NaN,18010,53.117
92,1,26159,10621,-1270.6,NaN,NaN,NaN,13304,52.629
93,1,26141,10608,-1251.7,NaN,NaN,NaN,12992,52.745
94,1,26159,10625,-1257.6,NaN,NaN,NaN,13847,53.115
95,1,26153,10616,-1250.4,NaN,NaN,NaN,15652,53.116
96,1,26158,10615,-1259.3,NaN,NaN,NaN,14813,52.688
97,1,26145,10610,-1246.3,NaN,NaN,NaN,16242,52.691
98,1,26154,10623,-1246.3,NaN,NaN,NaN,14927,52.654
99,1,26155,10615,-1230.2,NaN,NaN,NaN,17350,52.994
100,1,26157,10616,-1249.7,NaN,NaN,NaN,19479,52.954
101,1,26150,10609,-1254.4,NaN,NaN,NaN,16882,52.657
102,1,26156,10623,-1257.9,NaN,NaN,NaN,14670,52.687
103,1,26146,10619,-1260.3,NaN,NaN,NaN,16652,52.673
104,1,26149,10623,-1232.2,NaN,NaN,NaN,14218,52.643
105,1,26145,10619,-1240.5,NaN,NaN,NaN,15999,52.675
106,1,26153,10625,-1240.6,NaN,NaN,NaN,17998,53.07
107,1,26145,10616,-1224.7,NaN,NaN,NaN,14797,52.657
108,1,26161,10625,-1249.3,NaN,NaN,NaN,20390,52.937
109,1,26144,10621,-1228.4,NaN,NaN,NaN,19060,52.945
110,1,26155,10624,-1229.8,NaN,NaN,NaN,16624,53.08
111,1,26155,10620,-1264,NaN,NaN,NaN,14657,52.686
112,1,26146,10621,-1244.8,NaN,NaN,NaN,16099,52.965
113,1,26159,10628,-1258.5,NaN,NaN,NaN,18606,52.712
114,1,26132,10615,-1236,NaN,NaN,NaN,12485,52.659
115,1,26162,10634,-1236.7,NaN,NaN,NaN,12451,53.19
116,1,26151,10633,-1222,NaN,NaN,NaN,14804,53.134
117,1,26147,10626,-1254.7,NaN,NaN,NaN,17076,52.679
118,1,26150,10621,-1200.4,NaN,NaN,NaN,12748,52.995
119,1,26155,10624,-1230.3,NaN,NaN,NaN,17738,53.023
120,1,26136,10630,-1239.3,NaN,NaN,NaN,16460,53.096
121,1,26139,10619,-1238.1,NaN,NaN,NaN,15873,52.688
122,1,26155,10633,-1259.7,NaN,NaN,NaN,15312,52.907
123,1,26149,10634,-1234.3,NaN,NaN,NaN,18177,52.982
124,1,26158,10627,-1201,NaN,NaN,NaN,12517,53.083
125,1,26133,10630,-1221.3,NaN,NaN,NaN,17232,52.727
126,1,26164,10639,-1219.9,NaN,NaN,NaN,19437,53.065
127,1,26150,10627,-1250,NaN,NaN,NaN,15465,52.968
128,1,26137,10616,-1231,NaN,NaN,NaN,14322,52.65
129,1,26149,10631,-1227.5,NaN,NaN,NaN,12976,52.584
130,1,26149,10630,-1238.6,NaN,NaN,NaN,16402,52.798
131,1,26156,10620,-1240.1,NaN,NaN,NaN,20014,53.091
132,1,26146,10618,-1246.4,NaN,NaN,NaN,23122,52.728
133,1,26151,10625,-1235.4,NaN,NaN,NaN,19341,52.798
134,1,26152,10620,-1233.6,NaN,NaN,NaN,20637,53.21
135,1,26147,10627,-1228,NaN,NaN,NaN,12862,52.696
136,1,26147,10617,-1236.5,NaN,NaN,NaN,16236,53.011
137,1,26139,10632,-1243.7,NaN,NaN,NaN,17277,53.228
138,1,26132,10623,-1237.7,NaN,NaN,NaN,20024,52.752
139,1,26156,10628,-1257.4,NaN,NaN,NaN,18394,52.794
140,1,26151,10636,-1241.8,NaN,NaN,NaN,17730,53.236
141,1,26153,10618,-1239.1,NaN,NaN,NaN,21860,53.07
142,1,26156,10618,-1258.8,NaN,NaN,NaN,18255,52.84
143,1,26151,10628,-1250.4,NaN,NaN,NaN,18030,53.267
144,1,26155,10623,-1264.5,NaN,NaN,NaN,12988,52.853
145,1,26145,10622,-1257.1,NaN,NaN,NaN,20102,52.916
146,1,26148,10622,-1250.2,NaN,NaN,NaN,20677,52.834
147,1,26143,10630,-1249.8,NaN,NaN,NaN,19167,52.841
148,1,26152,10626,-1244.8,NaN,NaN,NaN,16852,53.08
149,1,26150,10623,-1252.6,NaN,NaN,NaN,16587,53.285
150,1,26143,10624,-1260,NaN,NaN,NaN,14143,52.822
151,1,26136,10625,-1267.7,NaN,NaN,NaN,16578,52.871
152,1,26139,10622,-1256.5,NaN,NaN,NaN,16674,52.985
153,1,26153,10624,-1257.3,NaN,NaN,NaN,16082,52.841
154,1,26146,10623,-1271,NaN,NaN,NaN,21075,52.933
155,1,26151,10638,-1267.1,NaN,NaN,NaN,15678,53.344
156,1,26152,10632,-1254.2,NaN,NaN,NaN,15136,53.297
157,1,26140,10625,-1266.7,NaN,NaN,NaN,12406,52.9
158,1,26143,10627,-1232,NaN,NaN,NaN,15883,53.353
159,1,26140,10620,-1262.4,NaN,NaN,NaN,17070,52.874
160,1,26141,10616,-1273.6,NaN,NaN,NaN,18597,53.031
161,1,26126,10621,-1276.4,NaN,NaN,NaN,15192,52.963
162,1,26160,10626,-1264.9,NaN,NaN,NaN,15411,52.961
163,1,26155,10617,-1265.6,NaN,NaN,NaN,16224,52.89
164,1,26150,10632,-1257.2,NaN,NaN,NaN,11862,52.85
166,1,26157,10627,-1266.8,NaN,NaN,NaN,11914,52.88
167,1,26144,10624,-1266.6,NaN,NaN,NaN,16336,52.965
168,1,26151,10625,-1257.8,NaN,NaN,NaN,12607,52.892
169,1,26149,10628,-1276.9,NaN,NaN,NaN,15952,52.894
170,1,26145,10617,-1258.8,NaN,NaN,NaN,13425,53.002
171,1,26149,10623,-1273.7,NaN,NaN,NaN,17330,52.967
172,1,26154,10630,-1249.3,NaN,NaN,NaN,13044,53.43
173,1,26143,10623,-1276.7,NaN,NaN,NaN,18321,53.037
174,1,26156,10627,-1268.5,NaN,NaN,NaN,19062,53.021
175,1,26141,10625,-1261.3,NaN,NaN,NaN,20403,53.029
176,1,26155,10625,-1269.6,NaN,NaN,NaN,18911,53.284
177,1,26134,10614,-1276.3,NaN,NaN,NaN,18218,52.97
178,1,26157,10624,-1271.7,NaN,NaN,NaN,18775,53.051
179,1,26138,10633,-1264.3,NaN,NaN,NaN,13855,53.009
180,1,26150,10617,-1261.7,NaN,NaN,NaN,12753,53.053
181,1,26153,10629,-1273.7,NaN,NaN,NaN,17371,53.188
182,1,26139,10627,-1272.2,NaN,NaN,NaN,14398,53.059
183,1,26151,10623,-1255.5,NaN,NaN,NaN,13471,53.114
184,1,26138,10631,-1263.3,NaN,NaN,NaN,25035,53.149
185,1,26139,10624,-1275.3,NaN,NaN,NaN,16823,53.078
186,1,26161,10623,-1268.7,NaN,NaN,NaN,14958,53.55
187,1,26145,10621,-1265.8,NaN,NaN,NaN,14118,53.127
189,1,26143,10639,-1272.6,NaN,NaN,NaN,11323,53.123
191,1,26163,10625,-1260.4,NaN,NaN,NaN,19042,53.322
192,1,26148,10623,-1252.7,NaN,NaN,NaN,14147,53.161
193,1,26143,10621,-1274.6,NaN,NaN,NaN,20017,53.18
194,1,26136,10619,-1266.5,NaN,NaN,NaN,18542,53.215
195,1,26138,10616,-1285.5,NaN,NaN,NaN,20078,53.216
196,1,26150,10624,-1283.4,NaN,NaN,NaN,15528,53.138
197,1,26141,10627,-1273.8,NaN,NaN,NaN,17419,53.173
198,1,26142,10620,-1274,NaN,NaN,NaN,14755,53.184
199,1,26144,10629,-1277.3,NaN,NaN,NaN,15586,53.139
200,1,26156,10634,-1269.7,NaN,NaN,NaN,12824,53.144
201,1,26157,10630,-1269.2,NaN,NaN,NaN,13879,53.196
202,1,26147,10630,-1263.4,NaN,NaN,NaN,14894,53.205
203,1,26132,10616,-1270.4,NaN,NaN,NaN,15366,53.176
204,1,26145,10631,-1273.3,NaN,NaN,NaN,17872,53.167
205,1,26138,10622,-1277.2,NaN,NaN,NaN,14758,53.159
206,1,26154,10635,-1274.3,NaN,NaN,NaN,17408,53.174
207,1,26133,10628,-1271.6,NaN,NaN,NaN,15695,53.162
208,1,26142,10631,-1272.3,NaN,NaN,NaN,18742,53.197
209,1,26138,10624,-1260.3,NaN,NaN,NaN,18304,53.17
210,1,26151,10632,-1275.7,NaN,NaN,NaN,18542,53.21
211,1,26144,10625,-1268.5,NaN,NaN,NaN,17358,53.302
212,1,26140,10623,-1267.1,NaN,NaN,NaN,13465,53.232
213,1,26147,10627,-1281.2,NaN,NaN,NaN,17021,53.247
214,1,26146,10629,-1278.8,NaN,NaN,NaN,17893,53.24
215,1,26140,10622,-1280.8,NaN,NaN,NaN,18599,53.232
216,1,26152,10630,-1284.3,NaN,NaN,NaN,14846,53.253
217,1,26142,10630,-1286,NaN,NaN,NaN,14069,53.218
218,1,26145,10624,-1285.4,NaN,NaN,NaN,17829,53.328
219,1,26137,10623,-1271.4,NaN,NaN,NaN,17234,53.313
220,1,26132,10613,-1254.9,NaN,NaN,NaN,14655,53.272
221,1,26146,10628,-1284.5,NaN,NaN,NaN,18102,53.34
222,1,26156,10626,-1280.8,NaN,NaN,NaN,12614,53.345
223,1,26141,10621,-1259.4,NaN,NaN,NaN,20694,53.362
224,1,26151,10634,-1270.7,NaN,NaN,NaN,18505,53.308
225,1,26154,10631,-1265.4,NaN,NaN,NaN,22853,53.385
226,1,26125,10626,-1270,NaN,NaN,NaN,22883,53.349
227,1,26150,10634,-1282.2,NaN,NaN,NaN,15124,53.376
228,1,26141,10628,-1283.3,NaN,NaN,NaN,14686,53.269
229,1,26126,10618,-1276.7,NaN,NaN,NaN,17516,53.354
230,1,26150,10629,-1279.3,NaN,NaN,NaN,19554,53.355
231,1,26149,10633,-1262.2,NaN,NaN,NaN,18043,53.909
232,1,26140,10623,-1281,NaN,NaN,NaN,16912,53.426
233,1,26142,10626,-1265.5,NaN,NaN,NaN,19991,53.488
234,1,26146,10627,-1274,NaN,NaN,NaN,21521,53.439
235,1,26144,10626,-1274.2,NaN,NaN,NaN,20873,53.491
236,1,26142,10621,-1282.6,NaN,NaN,NaN,18546,53.365
237,1,26149,10633,-1289.4,NaN,NaN,NaN,12784,53.382
238,1,26143,10626,-1285.2,NaN,NaN,NaN,14015,53.337
239,1,26139,10633,-1287.6,NaN,NaN,NaN,17939,53.342
240,1,26149,10624,-1285.2,NaN,NaN,NaN,14388,53.459
242,1,26139,10622,-1275.8,NaN,NaN,NaN,12468,53.439
243,1,26153,10627,-1273.7,NaN,NaN,NaN,19197,53.41
244,1,26156,10637,-1288,NaN,NaN,NaN,14666,53.411
245,1,26143,10630,-1282.7,NaN,NaN,NaN,20323,53.531
246,1,26149,10625,-1282.2,NaN,NaN,NaN,16733,53.52
247,1,26154,10629,-1287,NaN,NaN,NaN,17034,53.592
248,1,26149,10633,-1292.4,NaN,NaN,NaN,14544,53.436
249,1,26148,10621,-1295.3,NaN,NaN,NaN,16077,53.469
250,1,26155,10623,-1293.5,NaN,NaN,NaN,15281,53.578
251,1,26151,10629,-1289.6,NaN,NaN,NaN,14403,53.53
252,1,26151,10621,-1297.1,NaN,NaN,NaN,19424,53.548
253,1,26139,10620,-1288.3,NaN,NaN,NaN,15778,53.598
254,1,26161,10632,-1299.9,NaN,NaN,NaN,22200,53.569
255,1,26158,10632,-1299.2,NaN,NaN,NaN,14300,53.5
256,1,26149,10632,-1289.7,NaN,NaN,NaN,13953,53.481
257,1,26146,10619,-1285.6,NaN,NaN,NaN,14765,53.573
258,1,26148,10628,-1298.4,NaN,NaN,NaN,16200,53.49
259,1,26143,10625,-1296.2,NaN,NaN,NaN,17251,53.52
260,1,26145,10627,-1287.7,NaN,NaN,NaN,17059,53.653
261,1,26140,10627,-1298.5,NaN,NaN,NaN,15170,53.645
262,1,26153,10624,-1294.4,NaN,NaN,NaN,17955,53.539
263,1,26147,10626,-1294,NaN,NaN,NaN,14561,53.622
264,1,26160,10628,-1290.2,NaN,NaN,NaN,17669,53.542
265,1,26153,10626,-1296.7,NaN,NaN,NaN,18257,53.577
266,1,26152,10625,-1287,NaN,NaN,NaN,15428,53.55
267,1,26153,10623,-1285.9,NaN,NaN,NaN,14383,53.594
268,1,26154,10627,-1295.2,NaN,NaN,NaN,14864,53.575
269,1,26152,10630,-1275,NaN,NaN,NaN,19284,53.674
270,1,26152,10613,-1288.5,NaN,NaN,NaN,17701,53.602
271,1,26157,10616,-1295.7,NaN,NaN,NaN,16841,53.591
272,1,26151,10619,-1290.1,NaN,NaN,NaN,19047,53.695
273,1,26156,10636,-1286.4,NaN,NaN,NaN,20667,53.729
274,1,26158,10624,-1300,NaN,NaN,NaN,18317,53.639
275,1,26152,10628,-1294.9,NaN,NaN,NaN,17010,53.592
276,1,26155,10628,-1291.7,NaN,NaN,NaN,16222,53.555
277,1,26158,10634,-1296.1,NaN,NaN,NaN,19551,53.636
278,1,26151,10612,-1292.7,NaN,NaN,NaN,21868,53.648
279,1,26154,10625,-1298.4,NaN,NaN,NaN,16914,53.636
280,1,26163,10623,-1289,NaN,NaN,NaN,22818,53.731
281,1,26154,10635,-1296,NaN,NaN,NaN,17488,53.688
282,1,26157,10636,-1295.8,NaN,NaN,NaN,19008,53.702
283,1,26149,10622,-1289.6,NaN,NaN,NaN,16775,53.554
284,1,26148,10623,-1293.1,NaN,NaN,NaN,16269,53.59
285,1,26148,10627,-1294.9,NaN,NaN,NaN,15712,53.628
286,1,26148,10618,-1294.1,NaN,NaN,NaN,13805,53.627
287,1,26145,10621,-1287.7,NaN,NaN,NaN,16650,53.653
288,1,26153,10619,-1290.3,NaN,NaN,NaN,17829,53.584
289,1,26156,10629,-1294.1,NaN,NaN,NaN,18864,53.585
290,1,26147,10622,-1288.1,NaN,NaN,NaN,16115,53.665
291,1,26159,10621,-1299,NaN,NaN,NaN,16535,53.663
292,1,26148,10622,-1285.5,NaN,NaN,NaN,12131,53.632
293,1,26158,10634,-1297.9,NaN,NaN,NaN,14885,53.667
294,1,26158,10634,-1293.5,NaN,NaN,NaN,15669,53.681
295,1,26147,10619,-1289,NaN,NaN,NaN,19828,53.659
296,1,26144,10628,-1299.8,NaN,NaN,NaN,16098,53.576
297,1,26150,10629,-1289.6,NaN,NaN,NaN,19807,53.659
298,1,26154,10620,-1291.1,NaN,NaN,NaN,18684,53.693
299,1,26157,10618,-1285.9,NaN,NaN,NaN,16866,53.677
300,1,26145,10630,-1291.4,NaN,NaN,NaN,14009,53.817
301,1,26140,10624,-1284.4,NaN,NaN,NaN,14715,53.593
302,1,26156,10630,-1295.6,NaN,NaN,NaN,15942,53.698
303,1,26153,10636,-1290.1,NaN,NaN,NaN,17359,53.665
304,1,26151,10629,-1296.4,NaN,NaN,NaN,21080,53.824
305,1,26151,10621,-1288.1,NaN,NaN,NaN,18039,53.761
306,1,26159,10628,-1291.2,NaN,NaN,NaN,16283,53.755
307,1,26151,10625,-1288.4,NaN,NaN,NaN,17465,53.704
308,1,26159,10631,-1286.1,NaN,NaN,NaN,18432,53.711
309,1,26148,10622,-1290.3,NaN,NaN,NaN,19360,53.719
310,1,26149,10634,-1291.5,NaN,NaN,NaN,18760,53.782
311,1,26152,10639,-1297.5,NaN,NaN,NaN,15256,53.778
312,1,26172,10628,-1282.2,NaN,NaN,NaN,13741,53.775
313,1,26160,10619,-1284.9,NaN,NaN,NaN,13757,53.763
314,1,26160,10626,-1288.7,NaN,NaN,NaN,16089,53.81
315,1,26153,10619,-1283.2,NaN,NaN,NaN,15651,53.773
316,1,26149,10644,-1283.9,NaN,NaN,NaN,16481,53.799
317,1,26158,10626,-1277,NaN,NaN,NaN,16985,53.736
318,1,26148,10626,-1279,NaN,NaN,NaN,17390,53.787
319,1,26154,10621,-1282.2,NaN,NaN,NaN,16291,53.765
320,1,26160,10628,-1294.4,NaN,NaN,NaN,13520,53.866
321,1,26138,10629,-1286.4,NaN,NaN,NaN,16064,53.81
322,1,26160,10617,-1278.6,NaN,NaN,NaN,17044,53.851
323,1,26150,10617,-1277.7,NaN,NaN,NaN,17257,53.873
324,1,26143,10620,-1283.4,NaN,NaN,NaN,17305,53.786
325,1,26154,10635,-1276.9,NaN,NaN,NaN,16948,53.792
326,1,26150,10633,-1285.8,NaN,NaN,NaN,17286,53.837
327,1,26150,10628,-1289.8,NaN,NaN,NaN,17413,53.783
328,1,26169,10620,-1288.5,NaN,NaN,NaN,17003,53.842
329,1,26149,10620,-1286.1,NaN,NaN,NaN,16270,53.756
330,1,26147,10631,-1284.2,NaN,NaN,NaN,17208,53.815
331,1,26154,10627,-1282.4,NaN,NaN,NaN,13345,53.749
332,1,26146,10625,-1278,NaN,NaN,NaN,15543,53.757
333,1,26147,10625,-1272.5,NaN,NaN,NaN,15289,53.708
334,1,26143,10628,-1281.6,NaN,NaN,NaN,15372,53.753
335,1,26150,10625,-1291.6,NaN,NaN,NaN,17069,53.691
336,1,26163,10633,-1281.8,NaN,NaN,NaN,18003,53.79
337,1,26159,10632,-1288.1,NaN,NaN,NaN,14614,53.739
338,1,26152,10632,-1292.6,NaN,NaN,NaN,15561,53.751
339,1,26157,10626,-1283.9,NaN,NaN,NaN,16931,53.755
340,1,26146,10626,-1277.8,NaN,NaN,NaN,18647,53.839
341,1,26153,10618,-1295.6,NaN,NaN,NaN,19084,53.755
342,1,26144,10632,-1292.4,NaN,NaN,NaN,15849,53.73
343,1,26145,10617,-1287.5,NaN,NaN,NaN,19940,53.776
344,1,26149,10633,-1288.3,NaN,NaN,NaN,15166,53.729
345,1,26159,10620,-1282.2,NaN,NaN,NaN,17769,53.762
346,1,26155,10629,-1284.2,NaN,NaN,NaN,15372,53.782
347,2,26155,10628,-1289.8,NaN,NaN,NaN,17473,53.759
348,1,26152,10631,-1289.3,NaN,NaN,NaN,17287,53.731
349,1,26154,10631,-1291.3,NaN,NaN,NaN,16207,53.891
350,1,26145,10631,-1288,NaN,NaN,NaN,16748,53.774
351,1,26139,10622,-1276.4,NaN,NaN,NaN,11601,53.725
352,1,26161,10626,-1282.6,NaN,NaN,NaN,13505,53.811
353,1,26144,10623,-1292.7,NaN,NaN,NaN,16444,53.797
354,1,26142,10629,-1275.6,NaN,NaN,NaN,15739,53.758
355,1,26152,10633,-1297,NaN,NaN,NaN,15161,53.708
356,1,26156,10627,-1271,NaN,NaN,NaN,16732,53.78
357,1,26147,10623,-1280.4,NaN,NaN,NaN,14236,53.673
358,1,26139,10620,-1271.3,NaN,NaN,NaN,16501,53.731
359,1,26151,10630,-1286.7,NaN,NaN,NaN,18046,53.782
360,1,26150,10628,-1289,NaN,NaN,NaN,15719,53.837
361,1,26159,10631,-1284.2,NaN,NaN,NaN,17499,53.767
362,1,26148,10618,-1270.9,NaN,NaN,NaN,18798,53.805
363,1,26145,10618,-1288,NaN,NaN,NaN,15869,53.792
364,1,26162,10634,-1280.5,NaN,NaN,NaN,15451,53.795
365,1,26156,10629,-1301.6,NaN,NaN,NaN,19303,53.835
366,1,26148,10625,-1290.8,NaN,NaN,NaN,14739,53.756
367,1,26153,10626,-1294.5,NaN,NaN,NaN,20359,53.825
368,1,26154,10625,-1292,NaN,NaN,NaN,19403,53.808
369,1,26146,10626,-1289.8,NaN,NaN,NaN,21289,53.865
370,1,26145,10627,-1290.6,NaN,NaN,NaN,19300,53.815
371,1,26145,10622,-1286.6,NaN,NaN,NaN,17288,53.826
372,1,26152,10619,-1286.7,NaN,NaN,NaN,15664,53.792
373,1,26138,10629,-1280.6,NaN,NaN,NaN,14120,53.818
374,1,26145,10618,-1286.7,NaN,NaN,NaN,15982,53.751
375,1,26151,10630,-1280.5,NaN,NaN,NaN,11735,53.816
376,1,26150,10629,-1283.7,NaN,NaN,NaN,15803,54.149
377,1,26153,10627,-1282.6,NaN,NaN,NaN,15007,53.788
378,1,26149,10635,-1278.9,NaN,NaN,NaN,20158,54.267
379,1,26139,10618,-1290.4,NaN,NaN,NaN,15999,53.905
380,1,26151,10630,-1285.4,NaN,NaN,NaN,16501,54.342
381,1,26151,10621,-1280.4,NaN,NaN,NaN,15669,53.908
382,1,26154,10630,-1285.5,NaN,NaN,NaN,16799,53.894
383,1,26155,10630,-1277.3,NaN,NaN,NaN,19152,53.877
384,1,26142,10623,-1282.6,NaN,NaN,NaN,18699,53.836
385,1,26145,10631,-1293.8,NaN,NaN,NaN,16854,53.919
386,1,26140,10622,-1272.1,NaN,NaN,NaN,19746,53.978
387,1,26149,10621,-1273.5,NaN,NaN,NaN,16302,53.882
388,1,26151,10627,-1291.5,NaN,NaN,NaN,15681,53.879
389,1,26155,10631,-1276.7,NaN,NaN,NaN,18299,54.29
390,1,26151,10629,-1281.9,NaN,NaN,NaN,17202,53.87
391,1,26148,10639,-1264.8,NaN,NaN,NaN,21177,54.286
392,1,26153,10625,-1275.6,NaN,NaN,NaN,12716,53.809
393,1,26150,10624,-1287.2,NaN,NaN,NaN,15553,53.855
394,1,26147,10632,-1285.2,NaN,NaN,NaN,17608,53.831
395,1,26156,10624,-1277.9,NaN,NaN,NaN,11459,53.865
396,1,26147,10633,-1280.7,NaN,NaN,NaN,18902,53.953
397,1,26153,10631,-1255.9,NaN,NaN,NaN,15118,53.845
398,1,26140,10623,-1278.9,NaN,NaN,NaN,12621,53.858
399,1,26142,10632,-1288.3,NaN,NaN,NaN,14292,53.845
400,1,26137,10633,-1276.9,NaN,NaN,NaN,16047,53.861
401,1,26141,10627,-1275.3,NaN,NaN,NaN,14771,53.691
402,1,26150,10637,-1276.3,NaN,NaN,NaN,20692,53.821
403,1,26141,10624,-1266.2,NaN,NaN,NaN,14297,53.814
404,1,26154,10629,-1276.7,NaN,NaN,NaN,21849,53.88
405,1,26132,10628,-1269.9,NaN,NaN,NaN,19597,53.879
406,1,26152,10631,-1262.7,NaN,NaN,NaN,17268,53.861
407,1,26143,10630,-1268.1,NaN,NaN,NaN,19170,53.852
408,1,26147,10628,-1264.1,NaN,NaN,NaN,17129,53.839
409,2,26143,10632,-1280.9,NaN,NaN,NaN,17583,53.873
410,1,26135,10628,-1273.3,NaN,NaN,NaN,17802,53.855
411,1,26144,10632,-1238.1,NaN,NaN,NaN,15319,54.206
412,1,26150,10636,-1262.7,NaN,NaN,NaN,14389,53.906
413,1,26143,10627,-1270.7,NaN,NaN,NaN,18093,53.863
414,1,26151,10629,-1276.7,NaN,NaN,NaN,16721,53.889
415,1,26142,10621,-1276.7,NaN,NaN,NaN,19663,53.919
416,1,26143,10631,-1288.9,NaN,NaN,NaN,15040,53.755
417,1,26141,10618,-1278.6,NaN,NaN,NaN,13608,53.801
418,1,26139,10621,-1290.3,NaN,NaN,NaN,17556,53.852
419,1,26145,10629,-1271.9,NaN,NaN,NaN,20076,53.849
420,1,26153,10632,-1270.5,NaN,NaN,NaN,19844,54.209
421,1,26139,10633,-1276.5,NaN,NaN,NaN,14997,53.771
422,1,26133,10620,-1279.9,NaN,NaN,NaN,17381,53.873
423,1,26145,10614,-1273.9,NaN,NaN,NaN,14433,53.727
424,1,26127,10625,-1269,NaN,NaN,NaN,19230,53.781
425,1,26154,10628,-1258.4,NaN,NaN,NaN,18405,54.283
426,1,26141,10621,-1284.3,NaN,NaN,NaN,19350,53.84
427,1,26133,10630,-1277.8,NaN,NaN,NaN,20654,53.804
428,1,26137,10624,-1264.8,NaN,NaN,NaN,18411,53.777
429,1,26133,10619,-1280.8,NaN,NaN,NaN,14823,53.798
430,1,26148,10626,-1275.6,NaN,NaN,NaN,19570,53.88
431,1,26148,10625,-1266.5,NaN,NaN,NaN,18225,53.827
432,1,26142,10634,-1281,NaN,NaN,NaN,14386,53.844
433,1,26155,10620,-1284.2,NaN,NaN,NaN,14872,53.82
434,1,26128,10629,-1272.2,NaN,NaN,NaN,16374,54.319
435,1,26141,10636,-1284.5,NaN,NaN,NaN,16484,53.786
436,1,26142,10614,-1279.7,NaN,NaN,NaN,15649,53.753
437,1,26142,10626,-1277,NaN,NaN,NaN,20119,53.898
438,1,26142,10618,-1274.4,NaN,NaN,NaN,16609,53.853
439,1,26140,10637,-1290.4,NaN,NaN,NaN,18308,53.882
440,1,26142,10635,-1287.9,NaN,NaN,NaN,15018,53.684
441,1,26136,10620,-1275.9,NaN,NaN,NaN,15911,53.69
442,1,26143,10624,-1283.9,NaN,NaN,NaN,13922,53.689
443,1,26137,10639,-1280.8,NaN,NaN,NaN,15853,54.135
444,1,26139,10621,-1278.9,NaN,NaN,NaN,16734,53.801
445,1,26152,10626,-1283.9,NaN,NaN,NaN,16928,53.688
446,1,26154,10630,-1282.8,NaN,NaN,NaN,16389,53.698
447,1,26135,10628,-1274,NaN,NaN,NaN,14516,53.73
448,1,26147,10625,-1290.4,NaN,NaN,NaN,15830,53.684
449,1,26140,10628,-1275.8,NaN,NaN,NaN,18923,54.189
450,1,26149,10615,-1285.9,NaN,NaN,NaN,19724,53.726
451,1,26144,10625,-1284.3,NaN,NaN,NaN,15987,53.657
452,1,26149,10630,-1293.3,NaN,NaN,NaN,20569,53.638
453,1,26133,10618,-1284.9,NaN,NaN,NaN,14547,53.681
454,1,26151,10625,-1274.9,NaN,NaN,NaN,17184,53.679
455,1,26142,10631,-1286.3,NaN,NaN,NaN,13769,53.57
456,1,26139,10624,-1278.9,NaN,NaN,NaN,17053,53.707
457,1,26138,10630,-1279.7,NaN,NaN,NaN,16989,53.678
458,1,26142,10630,-1274.2,NaN,NaN,NaN,16060,53.676
459,1,26142,10625,-1284,NaN,NaN,NaN,15909,53.627
460,1,26130,10619,-1248.4,NaN,NaN,NaN,13081,53.537
461,1,26137,10635,-1277.1,NaN,NaN,NaN,16078,53.511
462,1,26139,10637,-1279.2,NaN,NaN,NaN,13511,53.538
463,1,26148,10627,-1282.2,NaN,NaN,NaN,21814,53.578
464,1,26132,10624,-1274.1,NaN,NaN,NaN,18326,53.62
465,1,26145,10630,-1272.3,NaN,NaN,NaN,17463,53.594
466,1,26149,10624,-1264.7,NaN,NaN,NaN,14570,53.504
467,1,26138,10628,-1279,NaN,NaN,NaN,17081,53.565
468,1,26142,10628,-1283.5,NaN,NaN,NaN,17616,53.542
469,1,26135,10627,-1285.6,NaN,NaN,NaN,20569,53.561
470,1,26141,10632,-1280.8,NaN,NaN,NaN,18808,53.551
471,1,26144,10625,-1276.6,NaN,NaN,NaN,18603,53.516
472,1,26138,10628,-1279.8,NaN,NaN,NaN,13728,53.533
473,1,26158,10639,-1286,NaN,NaN,NaN,13321,53.534
474,1,26148,10622,-1281.3,NaN,NaN,NaN,17625,53.491
475,1,26137,10618,-1289.6,NaN,NaN,NaN,16844,53.557
476,1,26143,10631,-1273.2,NaN,NaN,NaN,20912,53.58
477,1,26132,10622,-1271.9,NaN,NaN,NaN,16974,53.528
478,1,26134,10633,-1284.3,NaN,NaN,NaN,19196,53.552
479,1,26148,10629,-1272.3,NaN,NaN,NaN,17422,53.557
480,1,26136,10625,-1278.8,NaN,NaN,NaN,18236,53.513
481,1,26138,10632,-1283.2,NaN,NaN,NaN,16587,53.523
482,1,26146,10633,-1265.5,NaN,NaN,NaN,16009,53.876
483,1,26130,10630,-1270.6,NaN,NaN,NaN,13892,53.464
484,1,26145,10621,-1284.8,NaN,NaN,NaN,14640,53.461
485,1,26147,10627,-1286.8,NaN,NaN,NaN,14513,53.434
487,1,26155,10637,-1288.8,NaN,NaN,NaN,12143,53.478
489,1,26144,10631,-1283,NaN,NaN,NaN,13846,53.404
492,1,26146,10627,-1271.4,NaN,NaN,NaN,14843,53.639
494,1,26144,10635,-1288.6,NaN,NaN,NaN,16692,53.404
495,1,26147,10630,-1270.4,NaN,NaN,NaN,13722,53.383
496,1,26141,10630,-1282.5,NaN,NaN,NaN,14834,53.355
497,1,26150,10630,-1279.6,NaN,NaN,NaN,15564,53.442
498,1,26143,10630,-1271,NaN,NaN,NaN,18144,53.855
499,1,26135,10624,-1287.2,NaN,NaN,NaN,16589,53.353
500,1,26138,10625,-1273.6,NaN,NaN,NaN,20582,53.437
501,1,26133,10638,-1267.3,NaN,NaN,NaN,16318,53.481
502,1,26132,10627,-1286.6,NaN,NaN,NaN,17379,53.414
504,1,26142,10632,-1274.6,NaN,NaN,NaN,15750,53.547
505,1,26142,10626,-1276.9,NaN,NaN,NaN,14132,53.829
506,1,26146,10627,-1267.9,NaN,NaN,NaN,13819,53.421
507,1,26151,10633,-1276.5,NaN,NaN,NaN,14115,53.451
508,1,26143,10629,-1270.5,NaN,NaN,NaN,12619,53.455
509,1,26137,10633,-1276.8,NaN,NaN,NaN,15851,53.476
510,1,26130,10632,-1279.8,NaN,NaN,NaN,15075,53.356
511,1,26135,10628,-1279.1,NaN,NaN,NaN,18292,53.44
512,1,26130,10633,-1264.1,NaN,NaN,NaN,17562,53.748
513,1,26145,10638,-1277.9,NaN,NaN,NaN,17816,53.379
514,1,26141,10631,-1268.7,NaN,NaN,NaN,16056,53.453
515,1,26144,10628,-1263.2,NaN,NaN,NaN,15452,53.362
516,1,26137,10633,-1271,NaN,NaN,NaN,15670,53.414
517,1,26145,10633,-1287,NaN,NaN,NaN,18675,53.42
518,1,26138,10630,-1271.4,NaN,NaN,NaN,15457,53.395
519,1,26139,10633,-1276.8,NaN,NaN,NaN,15940,53.368
520,1,26130,10633,-1279.5,NaN,NaN,NaN,16544,53.388
521,1,26135,10634,-1272.6,NaN,NaN,NaN,19834,53.487
522,1,26132,10640,-1269.4,NaN,NaN,NaN,22771,53.774
523,1,26135,10634,-1278.1,NaN,NaN,NaN,17174,53.412
524,1,26136,10624,-1275.4,NaN,NaN,NaN,18306,53.363
525,1,26138,10632,-1265.1,NaN,NaN,NaN,15741,53.441
526,1,26147,10629,-1269.1,NaN,NaN,NaN,14466,53.349
527,1,26141,10637,-1276.3,NaN,NaN,NaN,18513,53.369
528,1,26129,10633,-1257.3,NaN,NaN,NaN,20176,53.377
529,1,26143,10638,-1265.4,NaN,NaN,NaN,19735,53.825
530,1,26140,10629,-1279.8,NaN,NaN,NaN,19172,53.339
531,1,26153,10629,-1275.7,NaN,NaN,NaN,14146,53.251
532,1,26138,10632,-1265.3,NaN,NaN,NaN,17683,53.308
533,1,26141,10640,-1275.2,NaN,NaN,NaN,19598,53.368
534,1,26159,10632,-1282.7,NaN,NaN,NaN,15582,53.297
535,1,26146,10629,-1270.5,NaN,NaN,NaN,19228,53.298
536,1,26136,10629,-1276.7,NaN,NaN,NaN,16559,53.272
537,1,26141,10641,-1277.9,NaN,NaN,NaN,17404,53.269
538,1,26149,10626,-1269.7,NaN,NaN,NaN,18993,53.313
539,1,26125,10628,-1277.4,NaN,NaN,NaN,18761,53.288
540,1,26149,10637,-1277.6,NaN,NaN,NaN,16582,53.714
541,1,26135,10635,-1264.4,NaN,NaN,NaN,19346,53.372
542,1,26147,10629,-1280.7,NaN,NaN,NaN,18463,53.276
543,1,26152,10624,-1283.1,NaN,NaN,NaN,16279,53.335
544,1,26141,10648,-1286.3,NaN,NaN,NaN,17628,53.286
545,1,26131,10638,-1270.9,NaN,NaN,NaN,12715,53.259
546,1,26144,10641,-1281.7,NaN,NaN,NaN,17590,53.264
547,1,26141,10631,-1277.9,NaN,NaN,NaN,17569,53.289
548,1,26132,10630,-1286.7,NaN,NaN,NaN,18624,53.319
549,1,26145,10631,-1284.7,NaN,NaN,NaN,18487,53.358
550,1,26140,10630,-1260.9,NaN,NaN,NaN,17996,53.391
551,1,26138,10631,-1274.3,NaN,NaN,NaN,12681,53.447
552,1,26134,10625,-1264.2,NaN,NaN,NaN,15654,53.455
553,1,26141,10630,-1278.9,NaN,NaN,NaN,16681,53.45
554,1,26138,10624,-1264.4,NaN,NaN,NaN,18402,53.388
555,1,26142,10634,-1284.2,NaN,NaN,NaN,15456,53.309
556,1,26130,10621,-1272.6,NaN,NaN,NaN,17458,53.467
557,1,26152,10637,-1283.8,NaN,NaN,NaN,15964,53.504
558,1,26134,10616,-1279.8,NaN,NaN,NaN,14088,53.411
559,1,26138,10632,-1268.4,NaN,NaN,NaN,15319,53.447
560,1,26135,10632,-1266.5,NaN,NaN,NaN,16333,53.567
561,1,26150,10635,-1268.2,NaN,NaN,NaN,16179,53.507
562,1,26147,10633,-1271.4,NaN,NaN,NaN,14859,53.887
563,1,26128,10636,-1275.5,NaN,NaN,NaN,16347,53.494
564,1,26131,10624,-1263.9,NaN,NaN,NaN,14699,53.463
565,1,26138,10617,-1275.7,NaN,NaN,NaN,16109,53.468
566,1,26142,10633,-1276,NaN,NaN,NaN,14364,53.481
567,1,26137,10635,-1275.6,NaN,NaN,NaN,18032,53.479
568,1,26146,10631,-1281,NaN,NaN,NaN,18062,53.84
569,1,26136,10627,-1264.4,NaN,NaN,NaN,19824,53.995
570,1,26141,10632,-1281.3,NaN,NaN,NaN,19432,53.518
571,1,26140,10625,-1260.6,NaN,NaN,NaN,18755,53.516
572,1,26139,10633,-1268.7,NaN,NaN,NaN,17030,53.537
573,1,26140,10626,-1255.1,NaN,NaN,NaN,16374,53.452
574,1,26132,10626,-1283.9,NaN,NaN,NaN,17998,53.483
575,1,26131,10629,-1281.8,NaN,NaN,NaN,13614,53.53
576,1,26149,10631,-1280.7,NaN,NaN,NaN,13799,53.477
579,1,26133,10618,-1262.4,NaN,NaN,NaN,14671,53.526
580,1,26145,10625,-1282,NaN,NaN,NaN,11573,53.433
581,1,26143,10625,-1273,NaN,NaN,NaN,12578,53.435
582,1,26144,10614,-1265.9,NaN,NaN,NaN,14206,53.439
583,1,26139,10629,-1275,NaN,NaN,NaN,14898,53.44
584,1,26143,10629,-1267.6,NaN,NaN,NaN,16755,53.502
585,1,26146,10637,-1279.4,NaN,NaN,NaN,19562,54.001
586,1,26136,10623,-1275,NaN,NaN,NaN,16777,53.431
587,1,26144,10629,-1253.6,NaN,NaN,NaN,20306,53.875
588,1,26136,10624,-1268.9,NaN,NaN,NaN,13612,53.484
589,1,26140,10626,-1269,NaN,NaN,NaN,15793,53.489
590,1,26151,10625,-1270.3,NaN,NaN,NaN,13738,53.521
591,1,26136,10637,-1266.2,NaN,NaN,NaN,17190,53.93
592,1,26124,10631,-1257,NaN,NaN,NaN,21491,53.559
593,1,26133,10629,-1271.2,NaN,NaN,NaN,17187,53.519
594,1,26140,10624,-1265.5,NaN,NaN,NaN,19702,53.543
595,1,26135,10621,-1256.9,NaN,NaN,NaN,21338,53.548
596,1,26134,10622,-1264.5,NaN,NaN,NaN,19923,53.457
597,1,26137,10633,-1278.1,NaN,NaN,NaN,14806,53.445
598,1,26134,10621,-1281.1,NaN,NaN,NaN,14490,53.479
599,1,26136,10634,-1275.4,NaN,NaN,NaN,14519,53.466
600,1,26136,10635,-1243.8,NaN,NaN,NaN,24289,53.912
601,1,26146,10629,-1272.8,NaN,NaN,NaN,15687,53.49
602,1,26129,10624,-1261.4,NaN,NaN,NaN,15700,53.541
603,1,26134,10630,-1260.9,NaN,NaN,NaN,16306,53.436
604,1,26135,10632,-1248.3,NaN,NaN,NaN,15459,53.393
605,1,26153,10634,-1268,NaN,NaN,NaN,16854,53.396
606,1,26133,10637,-1282.9,NaN,NaN,NaN,17580,53.435
607,1,26135,10624,-1267,NaN,NaN,NaN,16965,53.465
608,1,26135,10624,-1258.6,NaN,NaN,NaN,19134,53.416
609,1,26144,10636,-1272.7,NaN,NaN,NaN,17391,53.94
610,1,26132,10629,-1273.4,NaN,NaN,NaN,14488,53.505
611,1,26151,10635,-1272.2,NaN,NaN,NaN,19699,53.507
612,1,26144,10628,-1276.9,NaN,NaN,NaN,16472,53.462
613,1,26132,10622,-1282.7,NaN,NaN,NaN,20622,53.541
614,1,26134,10632,-1279.4,NaN,NaN,NaN,13378,53.441
615,1,26128,10627,-1275.6,NaN,NaN,NaN,18356,53.463
616,1,26139,10640,-1279,NaN,NaN,NaN,16491,53.487
617,1,26145,10644,-1285.4,NaN,NaN,NaN,14038,53.44
618,1,26148,10638,-1289.8,NaN,NaN,NaN,18214,53.483
619,1,26152,10638,-1268.2,NaN,NaN,NaN,16034,53.497
620,1,26124,10626,-1289.7,NaN,NaN,NaN,19544,53.514
621,1,26143,10637,-1273.5,NaN,NaN,NaN,18997,53.872
622,1,26139,10633,-1288.2,NaN,NaN,NaN,15599,53.506
623,1,26138,10635,-1273.2,NaN,NaN,NaN,16581,53.541
624,1,26139,10629,-1282.1,NaN,NaN,NaN,19098,53.541
625,1,26139,10635,-1288.9,NaN,NaN,NaN,18570,53.514
626,1,26160,10628,-1297,NaN,NaN,NaN,19496,53.539
627,1,26142,10634,-1291.2,NaN,NaN,NaN,16923,53.481
628,1,26144,10633,-1289.1,NaN,NaN,NaN,16290,53.524
629,1,26141,10640,-1271.5,NaN,NaN,NaN,15671,53.423
630,1,26134,10631,-1284.5,NaN,NaN,NaN,18065,53.56
631,1,26145,10628,-1284.5,NaN,NaN,NaN,19177,53.566
632,1,26135,10639,-1280.4,NaN,NaN,NaN,17681,53.549
633,1,26132,10625,-1291.9,NaN,NaN,NaN,16778,53.5
634,1,26148,10647,-1268.9,NaN,NaN,NaN,15916,53.587
635,1,26127,10634,-1279.1,NaN,NaN,NaN,15387,53.503
637,1,26141,10637,-1282.2,NaN,NaN,NaN,17052,53.505
638,1,26137,10625,-1288.6,NaN,NaN,NaN,17113,53.53
639,1,26137,10636,-1290.3,NaN,NaN,NaN,17507,53.537
640,1,26133,10633,-1282,NaN,NaN,NaN,15179,53.563
641,1,26139,10620,-1270.7,NaN,NaN,NaN,15651,53.627
642,1,26131,10649,-1293.8,NaN,NaN,NaN,19607,53.606
643,1,26132,10623,-1271.4,NaN,NaN,NaN,15756,53.578
644,1,26143,10635,-1283.1,NaN,NaN,NaN,17528,53.598
645,1,26134,10625,-1285.6,NaN,NaN,NaN,15556,53.553
646,1,26143,10629,-1274.8,NaN,NaN,NaN,13817,53.59
647,1,26133,10632,-1287.5,NaN,NaN,NaN,15396,53.601
648,1,26145,10636,-1287.6,NaN,NaN,NaN,16114,53.602
649,1,26135,10643,-1288.1,NaN,NaN,NaN,13121,53.552
650,1,26161,10628,-1264.6,NaN,NaN,NaN,15451,53.505
651,1,26142,10637,-1290.1,NaN,NaN,NaN,16472,53.469
652,1,26139,10631,-1289.9,NaN,NaN,NaN,12772,53.555
653,1,26142,10634,-1299.3,NaN,NaN,NaN,11401,53.505
654,1,26132,10630,-1283.4,NaN,NaN,NaN,16757,53.589
655,1,26127,10627,-1284.6,NaN,NaN,NaN,15833,53.553
656,1,26140,10621,-1279,NaN,NaN,NaN,16388,53.596
658,1,26133,10628,-1294.2,NaN,NaN,NaN,13786,53.548
659,1,26148,10630,-1289,NaN,NaN,NaN,19782,53.595
660,1,26141,10638,-1293.4,NaN,NaN,NaN,18493,53.564
661,1,26139,10637,-1296.5,NaN,NaN,NaN,13651,53.581
662,1,26133,10631,-1292.9,NaN,NaN,NaN,14560,53.509
663,1,26135,10641,-1295.3,NaN,NaN,NaN,16163,53.586
664,1,26130,10634,-1286.8,NaN,NaN,NaN,13378,53.495
665,1,26145,10632,-1280.3,NaN,NaN,NaN,11843,53.49
666,1,26151,10632,-1290,NaN,NaN,NaN,14312,53.547
667,1,26137,10631,-1287.2,NaN,NaN,NaN,14279,53.46
668,1,26139,10636,-1284.6,NaN,NaN,NaN,16899,53.496
669,1,26142,10625,-1283.9,NaN,NaN,NaN,17373,53.552
670,1,26136,10634,-1289.1,NaN,NaN,NaN,19320,53.565
671,1,26131,10634,-1291.3,NaN,NaN,NaN,18733,53.513
672,1,26132,10623,-1289.3,NaN,NaN,NaN,16949,53.495
673,1,26134,10630,-1287.5,NaN,NaN,NaN,13779,53.491
674,1,26125,10621,-1275.8,NaN,NaN,NaN,18611,53.56
675,1,26135,10626,-1290.1,NaN,NaN,NaN,19598,53.481
676,1,26128,10626,-1288.8,NaN,NaN,NaN,17795,53.548
677,1,26128,10637,-1297.2,NaN,NaN,NaN,15451,53.484
678,1,26137,10635,-1288.8,NaN,NaN,NaN,15937,53.497
679,1,26131,10634,-1291.9,NaN,NaN,NaN,16495,53.486
680,1,26149,10631,-1296.1,NaN,NaN,NaN,11773,53.414
681,1,26138,10617,-1292.8,NaN,NaN,NaN,14376,53.47
682,1,26148,10638,-1296.7,NaN,NaN,NaN,15111,53.474
683,1,26133,10643,-1287,NaN,NaN,NaN,17244,53.499
684,1,26133,10629,-1286.6,NaN,NaN,NaN,17055,53.525
685,1,26137,10629,-1296.4,NaN,NaN,NaN,18094,53.527
686,1,26125,10634,-1288.6,NaN,NaN,NaN,16809,53.427
687,1,26149,10642,-1295.3,NaN,NaN,NaN,17816,53.48
688,1,26129,10635,-1298.9,NaN,NaN,NaN,15438,53.497
689,1,26133,10637,-1299.6,NaN,NaN,NaN,15647,53.507
690,1,26152,10626,-1297.5,NaN,NaN,NaN,19681,53.543
691,1,26123,10619,-1300.4,NaN,NaN,NaN,14728,53.572
692,1,26138,10627,-1304.8,NaN,NaN,NaN,15727,53.446
693,1,26149,10630,-1297.2,NaN,NaN,NaN,14945,53.469
694,1,26139,10625,-1292.1,NaN,NaN,NaN,15798,53.395
695,1,26132,10624,-1299.2,NaN,NaN,NaN,13997,53.531
696,1,26142,10632,-1293.1,NaN,NaN,NaN,15127,53.547
697,1,26138,10641,-1293.4,NaN,NaN,NaN,15886,53.508
698,1,26132,10625,-1291.5,NaN,NaN,NaN,18294,53.551
699,1,26133,10619,-1283.4,NaN,NaN,NaN,12049,53.502
700,1,26125,10624,-1299.3,NaN,NaN,NaN,14136,53.519
701,1,26128,10629,-1302.1,NaN,NaN,NaN,17542,53.466
702,1,26141,10633,-1291.1,NaN,NaN,NaN,16111,53.537
703,1,26137,10625,-1293.6,NaN,NaN,NaN,20102,53.536
704,1,26133,10623,-1304.3,NaN,NaN,NaN,15018,53.491
705,1,26133,10627,-1289.6,NaN,NaN,NaN,20479,53.548
706,1,26143,10639,-1293.9,NaN,NaN,NaN,16938,53.58
707,1,26148,10634,-1297.6,NaN,NaN,NaN,19334,53.589
708,1,26144,10637,-1297,NaN,NaN,NaN,15470,53.487
709,1,26133,10635,-1301.3,NaN,NaN,NaN,19345,53.593
711,1,26137,10615,-1295.5,NaN,NaN,NaN,17346,53.567
712,1,26135,10637,-1296.9,NaN,NaN,NaN,19296,53.56
713,1,26133,10630,-1301.2,NaN,NaN,NaN,14405,53.553
714,1,26143,10634,-1302.9,NaN,NaN,NaN,15709,53.507
715,1,26142,10632,-1301.4,NaN,NaN,NaN,15043,53.48
716,1,26138,10643,-1296.5,NaN,NaN,NaN,15989,53.559
717,1,26141,10631,-1292,NaN,NaN,NaN,18792,53.508
718,1,26130,10634,-1297.8,NaN,NaN,NaN,17383,53.569
719,1,26143,10639,-1304.5,NaN,NaN,NaN,17335,53.601
720,1,26141,10639,-1300.8,NaN,NaN,NaN,17397,53.608
722,1,26144,10642,-1303.8,NaN,NaN,NaN,16513,53.611
723,1,26147,10632,-1305.7,NaN,NaN,NaN,14536,53.565
724,1,26141,10629,-1289.5,NaN,NaN,NaN,15852,53.597
725,1,26131,10628,-1293.6,NaN,NaN,NaN,11636,53.528
727,1,26135,10632,-1296.6,NaN,NaN,NaN,20136,53.606
728,1,26138,10630,-1301.8,NaN,NaN,NaN,20044,53.58
729,1,26150,10634,-1300.2,NaN,NaN,NaN,18038,53.582
730,1,26147,10621,-1298.1,NaN,NaN,NaN,20954,53.608
731,1,26152,10629,-1287.7,NaN,NaN,NaN,18472,53.509
732,1,26153,10636,-1301.4,NaN,NaN,NaN,19007,53.547
733,1,26148,10634,-1299.1,NaN,NaN,NaN,15959,53.53
734,1,26145,10639,-1305.1,NaN,NaN,NaN,12779,53.535
735,1,26127,10630,-1286.1,NaN,NaN,NaN,16523,53.573
736,1,26143,10626,-1289.2,NaN,NaN,NaN,15500,53.524
737,1,26133,10613,-1300.3,NaN,NaN,NaN,16911,53.569
738,1,26142,10634,-1304.9,NaN,NaN,NaN,14901,53.598
739,1,26143,10627,-1295.5,NaN,NaN,NaN,19913,53.576
740,1,26148,10631,-1301.4,NaN,NaN,NaN,15639,53.5
741,1,26147,10626,-1307.9,NaN,NaN,NaN,19318,53.589
742,1,26150,10633,-1308.8,NaN,NaN,NaN,19661,53.54
743,1,26146,10631,-1300.2,NaN,NaN,NaN,21459,53.552
744,1,26142,10632,-1308.3,NaN,NaN,NaN,17909,53.582
745,1,26150,10632,-1302.2,NaN,NaN,NaN,14961,53.507
746,1,26155,10634,-1305.3,NaN,NaN,NaN,16185,53.58
747,1,26135,10628,-1300,NaN,NaN,NaN,17564,53.51
748,1,26142,10627,-1294.9,NaN,NaN,NaN,18119,53.524
749,1,26131,10626,-1302.9,NaN,NaN,NaN,24464,53.58
750,1,26144,10627,-1307.4,NaN,NaN,NaN,19087,53.573
751,1,26140,10634,-1301.8,NaN,NaN,NaN,15137,53.497
752,1,26140,10635,-1299.5,NaN,NaN,NaN,22781,53.528
753,1,26142,10630,-1305.3,NaN,NaN,NaN,19868,53.493
754,1,26135,10633,-1301.2,NaN,NaN,NaN,16112,53.636
755,1,26150,10631,-1304.2,NaN,NaN,NaN,14573,53.566
756,1,26140,10612,-1298.2,NaN,NaN,NaN,12373,53.529
757,1,26149,10639,-1301.3,NaN,NaN,NaN,14926,53.556
758,1,26151,10629,-1303.6,NaN,NaN,NaN,17204,53.559
759,1,26152,10617,-1293,NaN,NaN,NaN,20247,53.613
760,1,26141,10635,-1303.3,NaN,NaN,NaN,13565,53.495
761,1,26142,10614,-1293,NaN,NaN,NaN,14621,53.527
762,1,26138,10625,-1295.6,NaN,NaN,NaN,17543,53.537
763,1,26141,10630,-1300.9,NaN,NaN,NaN,15354,53.545
764,1,26135,10626,-1295.2,NaN,NaN,NaN,16885,53.499
765,1,26135,10641,-1301.3,NaN,NaN,NaN,16235,53.543
766,1,26133,10629,-1302.2,NaN,NaN,NaN,17150,53.541
767,1,26139,10633,-1289.6,NaN,NaN,NaN,16819,53.52
768,1,26149,10638,-1295.1,NaN,NaN,NaN,20107,53.516
769,1,26144,10635,-1288.3,NaN,NaN,NaN,15326,53.432
770,1,26144,10640,-1296.3,NaN,NaN,NaN,20011,53.562
771,1,26144,10632,-1298.6,NaN,NaN,NaN,16281,53.506
772,1,26133,10634,-1286.4,NaN,NaN,NaN,14284,53.504
774,1,26144,10634,-1296.2,NaN,NaN,NaN,14174,53.511
775,1,26141,10624,-1297.6,NaN,NaN,NaN,14246,53.42
776,1,26146,10633,-1289.2,NaN,NaN,NaN,14158,53.478
777,1,26140,10623,-1288.4,NaN,NaN,NaN,19902,53.51
778,1,26149,10624,-1298.9,NaN,NaN,NaN,14914,53.498
779,1,26148,10629,-1305.6,NaN,NaN,NaN,17024,53.524
780,1,26150,10628,-1292.9,NaN,NaN,NaN,15100,53.51
781,1,26151,10629,-1289.6,NaN,NaN,NaN,17350,53.48
782,1,26141,10636,-1304.7,NaN,NaN,NaN,14899,53.515
783,1,26130,10628,-1291.6,NaN,NaN,NaN,18676,53.494
784,1,26139,10629,-1292.3,NaN,NaN,NaN,17995,53.513
785,1,26144,10621,-1297.9,NaN,NaN,NaN,15049,53.514
786,1,26138,10629,-1296.6,NaN,NaN,NaN,15430,53.46
787,1,26147,10630,-1296.6,NaN,NaN,NaN,14097,53.457
788,1,26145,10634,-1284.6,NaN,NaN,NaN,17492,53.475
789,1,26129,10621,-1289.2,NaN,NaN,NaN,13913,53.503
790,1,26156,10633,-1294.7,NaN,NaN,NaN,14463,53.464
791,1,26140,10629,-1294.7,NaN,NaN,NaN,12505,53.478
792,1,26136,10621,-1284.5,NaN,NaN,NaN,15372,53.471
793,1,26121,10624,-1292.4,NaN,NaN,NaN,16261,53.538
794,1,26142,10626,-1281.7,NaN,NaN,NaN,15917,53.476
795,1,26146,10622,-1284.2,NaN,NaN,NaN,15988,53.442
796,1,26143,10632,-1289.5,NaN,NaN,NaN,15913,53.363
797,1,26141,10626,-1296.8,NaN,NaN,NaN,17309,53.491
798,1,26132,10619,-1299.3,NaN,NaN,NaN,17614,53.511
799,1,26126,10626,-1298.8,NaN,NaN,NaN,15409,53.383
800,1,26154,10637,-1288,NaN,NaN,NaN,18486,53.416
801,1,26134,10625,-1280.8,NaN,NaN,NaN,18181,53.413
802,1,26141,10626,-1284.3,NaN,NaN,NaN,17497,53.375
803,1,26153,10634,-1277.6,NaN,NaN,NaN,18983,53.397
804,1,26150,10631,-1301.5,NaN,NaN,NaN,17597,53.456
805,1,26137,10633,-1284.5,NaN,NaN,NaN,15848,53.428
806,1,26131,10623,-1285.8,NaN,NaN,NaN,12377,53.338
807,1,26137,10639,-1288.1,NaN,NaN,NaN,17052,53.749
808,1,26141,10634,-1292.4,NaN,NaN,NaN,14002,53.357
809,1,26130,10621,-1284.1,NaN,NaN,NaN,12926,53.39
810,1,26135,10629,-1296.9,NaN,NaN,NaN,17814,53.364
811,1,26152,10632,-1288.5,NaN,NaN,NaN,15177,53.375
812,1,26133,10630,-1299.4,NaN,NaN,NaN,16666,53.341
813,1,26135,10621,-1290.4,NaN,NaN,NaN,13988,53.318
814,1,26140,10630,-1276.8,NaN,NaN,NaN,14503,53.345
815,1,26150,10624,-1277.5,NaN,NaN,NaN,17296,53.388
816,1,26137,10633,-1290.1,NaN,NaN,NaN,18973,53.302
817,1,26132,10619,-1287,NaN,NaN,NaN,15970,53.383
818,1,26139,10628,-1289.8,NaN,NaN,NaN,17174,53.317
819,1,26138,10629,-1292.4,NaN,NaN,NaN,20252,53.304
820,1,26138,10634,-1283.2,NaN,NaN,NaN,17160,53.267
821,1,26136,10626,-1283,NaN,NaN,NaN,16744,53.309
822,1,26138,10630,-1284,NaN,NaN,NaN,17263,53.276
823,1,26137,10632,-1282.4,NaN,NaN,NaN,15456,53.233
824,1,26139,10636,-1285.2,NaN,NaN,NaN,15418,53.303
825,1,26145,10622,-1273.1,NaN,NaN,NaN,15432,53.31
826,1,26132,10634,-1296.2,NaN,NaN,NaN,13332,53.2
827,1,26156,10634,-1297.7,NaN,NaN,NaN,19548,53.325
828,1,26130,10628,-1290.3,NaN,NaN,NaN,15885,53.296
829,1,26135,10623,-1293.4,NaN,NaN,NaN,16955,53.351
830,1,26135,10620,-1275.2,NaN,NaN,NaN,15534,53.201
831,1,26134,10628,-1298.5,NaN,NaN,NaN,18833,53.195
832,1,26141,10627,-1286.6,NaN,NaN,NaN,14505,53.156
833,1,26140,10632,-1295.7,NaN,NaN,NaN,13666,53.17
834,1,26144,10623,-1282.6,NaN,NaN,NaN,15406,53.236
835,1,26138,10637,-1289.1,NaN,NaN,NaN,17463,53.211
836,1,26120,10625,-1288.5,NaN,NaN,NaN,18626,53.253
837,1,26130,10629,-1303.3,NaN,NaN,NaN,19385,53.181
838,1,26134,10624,-1286,NaN,NaN,NaN,21901,53.245
839,1,26139,10629,-1287.4,NaN,NaN,NaN,15055,53.204
840,1,26144,10620,-1280.1,NaN,NaN,NaN,17589,53.193
841,1,26151,10640,-1285.4,NaN,NaN,NaN,14947,53.168
842,1,26125,10632,-1292.3,NaN,NaN,NaN,17026,53.15
843,1,26132,10629,-1288.7,NaN,NaN,NaN,13939,53.242
844,1,26131,10624,-1281.1,NaN,NaN,NaN,14765,53.192
845,1,26153,10619,-1294.2,NaN,NaN,NaN,12565,53.223
846,1,26142,10632,-1291.2,NaN,NaN,NaN,15441,53.183
847,1,26139,10620,-1289.4,NaN,NaN,NaN,20460,53.255
848,1,26130,10623,-1294.4,NaN,NaN,NaN,21390,53.253
849,1,26135,10622,-1281.9,NaN,NaN,NaN,20959,53.215
850,1,26127,10626,-1299,NaN,NaN,NaN,15038,53.194
851,1,26140,10634,-1300.3,NaN,NaN,NaN,13923,53.226
853,1,26143,10627,-1281.8,NaN,NaN,NaN,20525,53.249
854,1,26141,10617,-1297.6,NaN,NaN,NaN,18892,53.32
855,1,26138,10631,-1296.9,NaN,NaN,NaN,16690,53.168
856,1,26141,10629,-1304.7,NaN,NaN,NaN,11812,53.193
857,1,26137,10638,-1277.8,NaN,NaN,NaN,15508,53.247
858,1,26152,10637,-1288.1,NaN,NaN,NaN,17779,53.25
859,1,26142,10625,-1290.3,NaN,NaN,NaN,17655,53.255
860,1,26148,10634,-1287.2,NaN,NaN,NaN,17756,53.26
861,1,26141,10637,-1286.4,NaN,NaN,NaN,14295,53.286
862,1,26146,10628,-1279.9,NaN,NaN,NaN,16790,53.263
863,1,26128,10626,-1282.3,NaN,NaN,NaN,14798,53.238
864,1,26137,10627,-1270.5,NaN,NaN,NaN,16978,53.674
865,1,26148,10627,-1270.9,NaN,NaN,NaN,13083,53.243
866,1,26148,10627,-1287.7,NaN,NaN,NaN,11486,53.253
868,1,26136,10625,-1283.3,NaN,NaN,NaN,13391,53.17
869,1,26138,10629,-1282.3,NaN,NaN,NaN,13999,53.318
870,1,26151,10629,-1277.8,NaN,NaN,NaN,15444,53.204
871,1,26159,10623,-1274.5,NaN,NaN,NaN,14612,53.219
872,1,26143,10626,-1279.7,NaN,NaN,NaN,14667,53.272
873,1,26136,10633,-1287.6,NaN,NaN,NaN,14645,53.199
874,1,26140,10626,-1266.1,NaN,NaN,NaN,15562,53.246
875,1,26139,10631,-1283.2,NaN,NaN,NaN,13321,53.252
877,1,26135,10630,-1273.8,NaN,NaN,NaN,15915,53.184
878,1,26143,10628,-1259.6,NaN,NaN,NaN,15363,53.21
879,1,26134,10630,-1285.3,NaN,NaN,NaN,17649,53.208
880,1,26136,10630,-1277.5,NaN,NaN,NaN,12797,53.261
881,1,26138,10619,-1274.3,NaN,NaN,NaN,17661,53.323
882,1,26129,10623,-1264.4,NaN,NaN,NaN,17347,53.73
883,1,26127,10627,-1281.2,NaN,NaN,NaN,16371,53.284
884,1,26136,10630,-1268.9,NaN,NaN,NaN,17043,53.31
885,1,26139,10629,-1273.8,NaN,NaN,NaN,15338,53.25
886,1,26132,10626,-1274,NaN,NaN,NaN,18807,53.374
887,1,26140,10626,-1275.2,NaN,NaN,NaN,16547,53.345
888,1,26140,10626,-1261.4,NaN,NaN,NaN,17885,53.267
889,1,26139,10632,-1275.5,NaN,NaN,NaN,17871,53.286
890,1,26133,10635,-1247.4,NaN,NaN,NaN,21469,53.703
891,1,26134,10628,-1279.5,NaN,NaN,NaN,17029,53.278
892,1,26139,10624,-1276.9,NaN,NaN,NaN,16388,53.262
893,1,26120,10631,-1277.1,NaN,NaN,NaN,14061,53.294
894,1,26148,10644,-1282.3,NaN,NaN,NaN,18135,53.214
895,1,26141,10624,-1269,NaN,NaN,NaN,18342,53.28
896,1,26135,10624,-1282.8,NaN,NaN,NaN,17205,53.282
897,1,26131,10632,-1276.8,NaN,NaN,NaN,15736,53.311
898,1,26140,10641,-1280.4,NaN,NaN,NaN,18304,53.72
899,1,26139,10629,-1283.2,NaN,NaN,NaN,12888,53.249
900,1,26140,10619,-1281.9,NaN,NaN,NaN,13192,53.334
901,1,26147,10632,-1277.8,NaN,NaN,NaN,14591,53.296
902,1,26140,10627,-1282.2,NaN,NaN,NaN,16313,53.266
903,1,26140,10626,-1282.9,NaN,NaN,NaN,20721,53.299
904,1,26125,10633,-1294.1,NaN,NaN,NaN,12586,53.27
905,1,26129,10615,-1292.1,NaN,NaN,NaN,14736,53.319
906,1,26135,10632,-1282.4,NaN,NaN,NaN,12809,53.254
907,1,26134,10629,-1279.2,NaN,NaN,NaN,15986,53.345
908,1,26132,10640,-1297.4,NaN,NaN,NaN,13461,53.272
909,1,26126,10630,-1286.9,NaN,NaN,NaN,18340,53.37
910,1,26143,10628,-1301.6,NaN,NaN,NaN,16588,53.336
911,1,26147,10627,-1275.1,NaN,NaN,NaN,14957,53.446
912,1,26138,10619,-1289.2,NaN,NaN,NaN,16201,53.347
913,1,26143,10625,-1292.2,NaN,NaN,NaN,13922,53.393
914,1,26137,10626,-1281.8,NaN,NaN,NaN,18602,53.369
915,1,26141,10629,-1285,NaN,NaN,NaN,18646,53.329
916,1,26127,10624,-1290.1,NaN,NaN,NaN,17562,53.42
917,1,26127,10623,-1291.9,NaN,NaN,NaN,13205,53.34
918,1,26131,10620,-1293.8,NaN,NaN,NaN,12519,53.303
919,1,26141,10626,-1283.8,NaN,NaN,NaN,18442,53.405
920,1,26142,10628,-1293.6,NaN,NaN,NaN,19252,53.405
921,1,26133,10625,-1285.1,NaN,NaN,NaN,19863,53.474
922,1,26124,10625,-1284.7,NaN,NaN,NaN,14796,53.423
923,1,26124,10640,-1287,NaN,NaN,NaN,16290,53.415
924,1,26142,10629,-1292.2,NaN,NaN,NaN,15908,53.385
925,1,26134,10628,-1272.4,NaN,NaN,NaN,14783,53.385
926,1,26140,10626,-1275.8,NaN,NaN,NaN,15476,53.417
927,1,26141,10612,-1289.8,NaN,NaN,NaN,15532,53.493
928,1,26130,10621,-1262.5,NaN,NaN,NaN,17205,53.511
929,1,26122,10621,-1275.4,NaN,NaN,NaN,20649,53.49
930,1,26132,10627,-1286.7,NaN,NaN,NaN,18183,53.481
931,1,26121,10622,-1290.6,NaN,NaN,NaN,16971,53.572
932,1,26126,10625,-1293.2,NaN,NaN,NaN,11656,53.46
933,1,26138,10635,-1270.3,NaN,NaN,NaN,19049,53.962
934,1,26143,10613,-1270.7,NaN,NaN,NaN,16688,53.53
935,1,26136,10636,-1279.3,NaN,NaN,NaN,13510,53.45
936,1,26127,10628,-1282.2,NaN,NaN,NaN,15986,53.582
937,1,26135,10634,-1276,NaN,NaN,NaN,11932,53.507
939,1,26128,10629,-1289.5,NaN,NaN,NaN,15353,53.481
940,1,26133,10627,-1261.4,NaN,NaN,NaN,16943,53.536
941,1,26130,10619,-1281.7,NaN,NaN,NaN,13389,53.546
942,1,26124,10615,-1274.1,NaN,NaN,NaN,17968,53.585
943,1,26125,10630,-1273.4,NaN,NaN,NaN,16254,53.52
944,1,26129,10630,-1278.4,NaN,NaN,NaN,17401,53.571
945,1,26128,10633,-1285.1,NaN,NaN,NaN,15373,53.588
946,1,26138,10625,-1282.3,NaN,NaN,NaN,19456,53.635
947,1,26132,10626,-1282.1,NaN,NaN,NaN,18536,53.567
948,1,26143,10635,-1284.8,NaN,NaN,NaN,18008,53.523
949,1,26149,10619,-1289.7,NaN,NaN,NaN,20825,53.526
950,1,26118,10633,-1259.9,NaN,NaN,NaN,16597,53.572
951,1,26141,10630,-1270.6,NaN,NaN,NaN,21327,53.53
952,1,26138,10635,-1270.6,NaN,NaN,NaN,11859,53.534
953,1,26146,10629,-1275.1,NaN,NaN,NaN,16999,53.494
954,1,26126,10625,-1280.1,NaN,NaN,NaN,13357,53.507
955,1,26134,10638,-1293.1,NaN,NaN,NaN,16307,53.547
956,1,26133,10625,-1291.4,NaN,NaN,NaN,16160,53.567
957,1,26141,10634,-1275.4,NaN,NaN,NaN,19627,53.524
958,1,26131,10637,-1293.5,NaN,NaN,NaN,16898,53.539
959,1,26125,10619,-1278.2,NaN,NaN,NaN,14455,53.514
960,1,26132,10624,-1281.5,NaN,NaN,NaN,16534,53.52
961,1,26139,10635,-1285.8,NaN,NaN,NaN,17691,53.575
962,1,26137,10641,-1277.5,NaN,NaN,NaN,19417,53.682
963,1,26134,10619,-1276.1,NaN,NaN,NaN,15107,53.659
964,1,26145,10633,-1273,NaN,NaN,NaN,16330,53.598
965,1,26138,10631,-1274.5,NaN,NaN,NaN,15967,54.073
966,1,26136,10626,-1273.3,NaN,NaN,NaN,18319,53.622
967,1,26136,10621,-1292.1,NaN,NaN,NaN,16716,53.589
968,1,26128,10631,-1282.1,NaN,NaN,NaN,18105,53.654
969,1,26143,10630,-1278.3,NaN,NaN,NaN,15822,53.547
970,1,26150,10631,-1293.3,NaN,NaN,NaN,14162,53.559
971,1,26143,10631,-1278.5,NaN,NaN,NaN,16718,53.543
972,1,26147,10638,-1288.2,NaN,NaN,NaN,17344,53.682
973,1,26141,10629,-1295.8,NaN,NaN,NaN,13232,53.573
974,1,26143,10633,-1297.6,NaN,NaN,NaN,16492,53.571
975,1,26142,10624,-1300.1,NaN,NaN,NaN,17999,53.573
976,1,26142,10634,-1289.8,NaN,NaN,NaN,15385,53.564
977,1,26149,10637,-1291.3,NaN,NaN,NaN,19735,53.559
978,1,26124,10620,-1298.5,NaN,NaN,NaN,17073,53.543
979,1,26139,10622,-1301.2,NaN,NaN,NaN,18171,53.514
980,1,26140,10623,-1306.8,NaN,NaN,NaN,17894,53.558
981,1,26140,10636,-1304.3,NaN,NaN,NaN,16003,53.555
982,1,26141,10624,-1300.4,NaN,NaN,NaN,16005,53.56
983,1,26143,10630,-1296.2,NaN,NaN,NaN,15449,53.566
984,1,26139,10628,-1293,NaN,NaN,NaN,25489,53.546
985,1,26148,10627,-1304.8,NaN,NaN,NaN,15542,53.534
986,1,26158,10628,-1296.3,NaN,NaN,NaN,20730,53.568
987,1,26140,10632,-1303.2,NaN,NaN,NaN,12486,53.532
988,1,26132,10625,-1300.6,NaN,NaN,NaN,15462,53.542
991,1,26144,10628,-1305.9,NaN,NaN,NaN,12966,53.531
993,1,26136,10626,-1300.5,NaN,NaN,NaN,15357,53.514
994,1,26159,10628,-1310,NaN,NaN,NaN,15701,53.534
995,1,26140,10643,-1311.4,NaN,NaN,NaN,19734,53.565
996,1,26132,10627,-1303.5,NaN,NaN,NaN,19104,53.543
997,1,26137,10620,-1300.9,NaN,NaN,NaN,15824,53.566
998,1,26144,10627,-1308.9,NaN,NaN,NaN,11846,53.586
999,1,26138,10638,-1307.8,NaN,NaN,NaN,16136,53.585
1002,1,26139,10631,-1308.8,NaN,NaN,NaN,20417,53.509
1003,1,26156,10632,-1309.6,NaN,NaN,NaN,20520,53.541
1004,1,26147,10623,-1311,NaN,NaN,NaN,12518,53.484
1005,1,26137,10628,-1308.3,NaN,NaN,NaN,16001,53.485
1006,1,26143,10627,-1306.9,NaN,NaN,NaN,18830,53.482
1007,1,26152,10632,-1306.1,NaN,NaN,NaN,15049,53.393
1008,1,26132,10623,-1309.6,NaN,NaN,NaN,17348,53.423
1009,1,26155,10624,-1307.1,NaN,NaN,NaN,20501,53.537
1011,1,26149,10629,-1309.4,NaN,NaN,NaN,15388,53.573
1012,1,26141,10631,-1311.6,NaN,NaN,NaN,17091,53.457
1015,1,26143,10626,-1311.6,NaN,NaN,NaN,13356,53.443
1016,1,26140,10628,-1308,NaN,NaN,NaN,15673,53.509
1017,1,26139,10632,-1309.1,NaN,NaN,NaN,17345,53.498
1018,1,26143,10611,-1309.5,NaN,NaN,NaN,17413,53.536
1020,1,26142,10622,-1311.3,NaN,NaN,NaN,16120,53.434
1021,1,26142,10618,-1308.6,NaN,NaN,NaN,17477,53.413
1022,1,26142,10630,-1307.9,NaN,NaN,NaN,15543,53.424
1023,1,26139,10626,-1310.1,NaN,NaN,NaN,16155,53.391
1024,1,26139,10625,-1309.4,NaN,NaN,NaN,14941,53.455
1025,1,26148,10643,-1304.1,NaN,NaN,NaN,17232,53.435
1026,1,26151,10630,-1309.9,NaN,NaN,NaN,13931,53.568
1027,1,26139,10624,-1310.4,NaN,NaN,NaN,18093,53.466
1028,1,26133,10621,-1301.9,NaN,NaN,NaN,15101,53.498
1029,1,26148,10623,-1309.2,NaN,NaN,NaN,17603,53.361
1030,1,26144,10637,-1311.5,NaN,NaN,NaN,16121,53.438
1031,1,26147,10626,-1309.1,NaN,NaN,NaN,12087,53.432
1032,2,26133,10631,-1308,NaN,NaN,NaN,18662,53.429
1033,1,26146,10625,-1308.1,NaN,NaN,NaN,17375,53.474
1034,1,26151,10633,-1298.3,NaN,NaN,NaN,13550,53.43
1035,1,26155,10630,-1308.2,NaN,NaN,NaN,12369,53.4
1036,1,26145,10628,-1309.5,NaN,NaN,NaN,16226,53.416
1037,1,26143,10632,-1309.4,NaN,NaN,NaN,20888,53.531
1038,1,26141,10622,-1307.6,NaN,NaN,NaN,16995,53.39
1039,1,26159,10630,-1308.2,NaN,NaN,NaN,15125,53.388
1040,1,26152,10629,-1307,NaN,NaN,NaN,13369,53.38
1041,1,26149,10632,-1308.2,NaN,NaN,NaN,18630,53.359
1042,1,26133,10628,-1309.5,NaN,NaN,NaN,16303,53.374
1043,1,26149,10625,-1306.9,NaN,NaN,NaN,12593,53.345
1044,1,26129,10630,-1309.5,NaN,NaN,NaN,11625,53.38
1045,1,26140,10628,-1306.7,NaN,NaN,NaN,16229,53.327
1046,1,26143,10633,-1310.4,NaN,NaN,NaN,13118,53.354
1047,1,26151,10615,-1308,NaN,NaN,NaN,14382,53.419
1048,1,26159,10633,-1310.4,NaN,NaN,NaN,17488,53.44
1049,1,26154,10628,-1308.7,NaN,NaN,NaN,18193,53.346
1050,1,26138,10625,-1306.6,NaN,NaN,NaN,13982,53.329
1051,1,26150,10621,-1311.6,NaN,NaN,NaN,17167,53.393
1052,1,26143,10629,-1311,NaN,NaN,NaN,14306,53.377
1054,1,26135,10628,-1307.2,NaN,NaN,NaN,15936,53.381
1056,1,26157,10636,-1308.2,NaN,NaN,NaN,16904,53.407
1057,1,26152,10628,-1310.5,NaN,NaN,NaN,14705,53.365
1058,1,26148,10628,-1308.6,NaN,NaN,NaN,17647,53.351
1059,1,26155,10631,-1310.9,NaN,NaN,NaN,16539,53.348
1060,1,26139,10625,-1310.5,NaN,NaN,NaN,16431,53.358
1061,1,26151,10637,-1310.3,NaN,NaN,NaN,14528,53.312
1062,1,26135,10623,-1311,NaN,NaN,NaN,17186,53.344
1063,1,26137,10635,-1310.5,NaN,NaN,NaN,20301,53.4
1064,1,26140,10635,-1308.4,NaN,NaN,NaN,18014,53.403
1065,1,26138,10628,-1309.4,NaN,NaN,NaN,15595,53.354
1066,1,26135,10633,-1306.9,NaN,NaN,NaN,14016,53.328
1067,1,26130,10629,-1306.8,NaN,NaN,NaN,14821,53.459
1068,1,26137,10627,-1308.8,NaN,NaN,NaN,18530,53.434
1069,1,26146,10618,-1307.2,NaN,NaN,NaN,17754,53.406
1070,1,26143,10631,-1307.5,NaN,NaN,NaN,18016,53.441
1071,1,26146,10627,-1307,NaN,NaN,NaN,19524,53.375
1072,1,26146,10636,-1308.1,NaN,NaN,NaN,17215,53.39
1073,1,26147,10627,-1305.5,NaN,NaN,NaN,17453,53.344
1074,1,26140,10623,-1310.5,NaN,NaN,NaN,16013,53.263
1075,1,26150,10629,-1307.7,NaN,NaN,NaN,14906,53.381
1076,1,26131,10622,-1303.3,NaN,NaN,NaN,15306,53.373
1077,1,26135,10638,-1309.1,NaN,NaN,NaN,15745,53.333
1078,1,26144,10630,-1308,NaN,NaN,NaN,12731,53.328
1079,1,26137,10626,-1297.8,NaN,NaN,NaN,15658,53.353
1080,1,26133,10620,-1306.8,NaN,NaN,NaN,13256,53.378
1081,1,26145,10627,-1306.7,NaN,NaN,NaN,17235,53.372
1082,1,26138,10639,-1299.7,NaN,NaN,NaN,17372,53.391
1084,1,26138,10628,-1309.8,NaN,NaN,NaN,13642,53.405
1085,1,26147,10632,-1305,NaN,NaN,NaN,13596,53.316
1086,1,26142,10633,-1310.9,NaN,NaN,NaN,19143,53.406
1087,1,26132,10620,-1305.9,NaN,NaN,NaN,19829,53.384
1088,1,26144,10631,-1301.3,NaN,NaN,NaN,21998,53.364
1089,1,26141,10634,-1306.9,NaN,NaN,NaN,13976,53.363
1090,1,26149,10633,-1309.8,NaN,NaN,NaN,13771,53.337
1091,1,26147,10639,-1304.2,NaN,NaN,NaN,20045,53.447
1092,1,26142,10630,-1307.6,NaN,NaN,NaN,19704,53.44
1093,1,26142,10635,-1310.2,NaN,NaN,NaN,18700,53.444
1094,1,26137,10626,-1306.3,NaN,NaN,NaN,16098,53.386
1096,1,26147,10632,-1311.2,NaN,NaN,NaN,14655,53.321
1098,1,26153,10631,-1310,NaN,NaN,NaN,17366,53.409
1099,1,26148,10633,-1308.9,NaN,NaN,NaN,14550,53.372
1100,1,26142,10637,-1305.7,NaN,NaN,NaN,13129,53.467
1101,1,26135,10631,-1305.5,NaN,NaN,NaN,13603,53.423
1102,1,26139,10638,-1308.2,NaN,NaN,NaN,15970,53.481
1103,1,26145,10631,-1306.9,NaN,NaN,NaN,14364,53.485
1104,1,26145,10628,-1308.1,NaN,NaN,NaN,17489,53.475
1105,1,26133,10633,-1299,NaN,NaN,NaN,16655,53.477
1106,1,26140,10631,-1297.2,NaN,NaN,NaN,20168,53.492
1107,1,26144,10624,-1304.5,NaN,NaN,NaN,17252,53.566
1108,1,26132,10638,-1310.6,NaN,NaN,NaN,16528,53.487
1109,1,26141,10639,-1305.1,NaN,NaN,NaN,13733,53.467
1110,1,26137,10625,-1305.6,NaN,NaN,NaN,13003,53.526
1113,1,26135,10626,-1300.2,NaN,NaN,NaN,17542,53.512
1114,1,26147,10625,-1307,NaN,NaN,NaN,11919,53.524
1115,1,26146,10628,-1301.7,NaN,NaN,NaN,15716,53.523
1116,1,26135,10633,-1307.4,NaN,NaN,NaN,17175,53.516
1117,1,26143,10626,-1309.3,NaN,NaN,NaN,15219,53.561
1118,1,26131,10632,-1309.6,NaN,NaN,NaN,12129,53.481
1119,1,26144,10626,-1305.6,NaN,NaN,NaN,12555,53.447
1120,1,26137,10628,-1306.9,NaN,NaN,NaN,14135,53.545
1121,1,26144,10619,-1302.2,NaN,NaN,NaN,17431,53.525
1122,1,26150,10633,-1309,NaN,NaN,NaN,13170,53.51
1123,1,26153,10637,-1310.4,NaN,NaN,NaN,16685,53.569
1124,1,26127,10626,-1308.5,NaN,NaN,NaN,16198,53.532
1125,1,26142,10640,-1309,NaN,NaN,NaN,16722,53.541
1127,1,26142,10633,-1306.9,NaN,NaN,NaN,15175,53.573
1129,1,26130,10633,-1306.3,NaN,NaN,NaN,14880,53.477
1130,1,26141,10619,-1304,NaN,NaN,NaN,17501,53.49
1131,1,26146,10626,-1308.1,NaN,NaN,NaN,17236,53.48
1132,1,26134,10618,-1303.5,NaN,NaN,NaN,15908,53.524
1133,1,26129,10628,-1308.4,NaN,NaN,NaN,16434,53.538
1134,1,26145,10634,-1307.6,NaN,NaN,NaN,19713,53.567
1135,1,26141,10634,-1308.9,NaN,NaN,NaN,15229,53.497
1136,1,26139,10626,-1304.9,NaN,NaN,NaN,12393,53.53
1137,1,26135,10624,-1308.8,NaN,NaN,NaN,17481,53.53
1138,1,26149,10631,-1305.1,NaN,NaN,NaN,21386,53.543
1139,1,26148,10636,-1303.5,NaN,NaN,NaN,17551,53.501
1140,1,26132,10636,-1308.1,NaN,NaN,NaN,17194,53.49
1141,1,26141,10636,-1310.9,NaN,NaN,NaN,20800,53.538
1142,1,26130,10635,-1309.3,NaN,NaN,NaN,19641,53.552
1143,1,26135,10625,-1306,NaN,NaN,NaN,19545,53.52
1144,1,26142,10629,-1298.7,NaN,NaN,NaN,18852,53.623
1145,1,26136,10633,-1303.9,NaN,NaN,NaN,17761,53.481
1146,1,26156,10630,-1308.6,NaN,NaN,NaN,19142,53.558
1147,1,26143,10634,-1306.7,NaN,NaN,NaN,17702,53.487
1148,1,26143,10620,-1302.7,NaN,NaN,NaN,23857,53.617
1149,1,26136,10633,-1309.7,NaN,NaN,NaN,20181,53.539
1150,1,26149,10634,-1305.9,NaN,NaN,NaN,18811,53.549
1151,1,26130,10629,-1306.8,NaN,NaN,NaN,21004,53.494
1152,1,26137,10631,-1303.6,NaN,NaN,NaN,16618,53.517
1153,1,26134,10636,-1301.9,NaN,NaN,NaN,18771,53.521
1154,1,26140,10627,-1304,NaN,NaN,NaN,20288,53.529
1155,1,26129,10621,-1301.5,NaN,NaN,NaN,15810,53.523
1156,1,26140,10629,-1299.1,NaN,NaN,NaN,16726,53.479
1157,1,26150,10632,-1304,NaN,NaN,NaN,22367,53.535
1158,1,26135,10625,-1307.3,NaN,NaN,NaN,20206,53.542
1159,1,26142,10627,-1300.2,NaN,NaN,NaN,18092,53.414
1160,1,26150,10633,-1307.4,NaN,NaN,NaN,16914,53.468
1161,1,26134,10630,-1297.1,NaN,NaN,NaN,14377,53.44
1162,1,26130,10622,-1308.7,NaN,NaN,NaN,14000,53.416
1163,1,26140,10615,-1304.1,NaN,NaN,NaN,15588,53.444
1164,1,26140,10627,-1306.3,NaN,NaN,NaN,15770,53.519
1165,1,26132,10631,-1303.5,NaN,NaN,NaN,17249,53.548
1166,1,26142,10623,-1299.4,NaN,NaN,NaN,16065,53.521
1167,1,26139,10628,-1304.2,NaN,NaN,NaN,19323,53.444
1168,1,26150,10634,-1304.1,NaN,NaN,NaN,17218,53.454
1169,1,26142,10631,-1303.2,NaN,NaN,NaN,19739,53.486
1170,1,26135,10618,-1304.3,NaN,NaN,NaN,17640,53.4
1171,1,26133,10623,-1302.6,NaN,NaN,NaN,16368,53.451
1172,1,26144,10633,-1305.8,NaN,NaN,NaN,16380,53.492
1173,1,26137,10640,-1309.7,NaN,NaN,NaN,19624,53.488
1174,1,26134,10639,-1306.9,NaN,NaN,NaN,15326,53.547
1175,1,26139,10628,-1301.1,NaN,NaN,NaN,19021,53.47
1176,1,26144,10627,-1302.9,NaN,NaN,NaN,16967,53.448
1177,1,26135,10637,-1300.4,NaN,NaN,NaN,17699,53.472
1178,1,26146,10626,-1299.5,NaN,NaN,NaN,15248,53.453
1180,1,26142,10637,-1302.4,NaN,NaN,NaN,15287,53.47
1181,1,26143,10631,-1300.9,NaN,NaN,NaN,15056,53.42
1182,1,26131,10623,-1300.3,NaN,NaN,NaN,14185,53.477
1183,1,26142,10624,-1297.6,NaN,NaN,NaN,14790,53.479
1184,1,26132,10621,-1297.8,NaN,NaN,NaN,17132,53.477
1185,1,26130,10627,-1293.8,NaN,NaN,NaN,17770,53.535
1186,1,26142,10632,-1304.7,NaN,NaN,NaN,19176,53.481
1187,1,26151,10622,-1297.9,NaN,NaN,NaN,13418,53.427
1188,1,26133,10623,-1298,NaN,NaN,NaN,13777,53.425
1189,1,26144,10628,-1308.2,NaN,NaN,NaN,16805,53.454
1190,1,26142,10635,-1289.5,NaN,NaN,NaN,12637,53.427
1191,1,26129,10627,-1296.7,NaN,NaN,NaN,16433,53.405
1192,1,26140,10627,-1297.1,NaN,NaN,NaN,15460,53.423
1193,1,26131,10634,-1292.3,NaN,NaN,NaN,14385,53.457
1194,1,26141,10628,-1302,NaN,NaN,NaN,13085,53.451
1195,1,26142,10631,-1289.5,NaN,NaN,NaN,17255,53.411
1196,1,26133,10622,-1297.5,NaN,NaN,NaN,13036,53.438
1197,1,26126,10623,-1297,NaN,NaN,NaN,17086,53.41
1198,1,26133,10630,-1303.8,NaN,NaN,NaN,16846,53.378
1199,1,26133,10625,-1302.2,NaN,NaN,NaN,17010,53.408
1200,1,26127,10628,-1302.3,NaN,NaN,NaN,16666,53.389
1201,1,26127,10622,-1304.9,NaN,NaN,NaN,19211,53.406
1202,1,26137,10635,-1301.5,NaN,NaN,NaN,18039,53.368
1203,1,26129,10631,-1302.2,NaN,NaN,NaN,14356,53.329
1204,1,26137,10628,-1303.6,NaN,NaN,NaN,13952,53.404
1206,1,26131,10622,-1299.3,NaN,NaN,NaN,15392,53.258
1207,1,26122,10622,-1294.7,NaN,NaN,NaN,11921,53.342
1208,1,26138,10612,-1291.3,NaN,NaN,NaN,13300,53.343
1209,1,26132,10633,-1304.2,NaN,NaN,NaN,11946,53.372
1210,1,26134,10635,-1300.9,NaN,NaN,NaN,18421,53.257
1212,1,26142,10626,-1296.4,NaN,NaN,NaN,14054,53.188
1213,1,26143,10633,-1299.7,NaN,NaN,NaN,16060,53.201
1214,1,26130,10624,-1300.4,NaN,NaN,NaN,15466,53.336
1215,1,26139,10624,-1305.2,NaN,NaN,NaN,16289,53.211
1216,1,26128,10627,-1296.5,NaN,NaN,NaN,16773,53.224
1217,1,26137,10624,-1283.3,NaN,NaN,NaN,16155,53.249
1218,1,26136,10632,-1302,NaN,NaN,NaN,16779,53.332
1219,1,26141,10634,-1301.2,NaN,NaN,NaN,14568,53.211
1220,1,26142,10632,-1302.8,NaN,NaN,NaN,13591,53.292
1221,1,26118,10635,-1303.9,NaN,NaN,NaN,13487,53.276
1222,1,26135,10638,-1300.3,NaN,NaN,NaN,16299,53.296
1223,1,26139,10635,-1306.1,NaN,NaN,NaN,14248,53.282
1225,1,26144,10621,-1297.6,NaN,NaN,NaN,13485,53.313
1226,1,26132,10640,-1293.6,NaN,NaN,NaN,15009,53.284
1227,1,26141,10642,-1299.9,NaN,NaN,NaN,17679,53.277
1228,1,26137,10632,-1301.1,NaN,NaN,NaN,20033,53.337
1229,1,26134,10633,-1302.3,NaN,NaN,NaN,16504,53.3
1230,1,26127,10628,-1298.8,NaN,NaN,NaN,20465,53.333
1231,1,26140,10637,-1306.5,NaN,NaN,NaN,21933,53.378
1232,1,26125,10638,-1306,NaN,NaN,NaN,17269,53.338
1233,1,26140,10632,-1304.4,NaN,NaN,NaN,12880,53.252
1234,1,26139,10633,-1297.1,NaN,NaN,NaN,13561,53.259
1235,1,26132,10630,-1295.5,NaN,NaN,NaN,16290,53.289
1236,1,26128,10625,-1302.9,NaN,NaN,NaN,20699,53.368
1237,1,26129,10635,-1290.9,NaN,NaN,NaN,17346,53.342
1238,1,26131,10637,-1286.4,NaN,NaN,NaN,16926,53.29
1239,1,26125,10631,-1302.1,NaN,NaN,NaN,14261,53.338
1240,1,26136,10636,-1296.3,NaN,NaN,NaN,11424,53.319
1241,1,26123,10637,-1300.3,NaN,NaN,NaN,17520,53.322
1242,1,26128,10642,-1292.9,NaN,NaN,NaN,15511,53.321
1243,1,26130,10644,-1306.9,NaN,NaN,NaN,12688,53.345
1244,1,26122,10626,-1298.7,NaN,NaN,NaN,15255,53.355
1245,1,26126,10646,-1287.3,NaN,NaN,NaN,16507,53.325
1246,1,26124,10636,-1303.5,NaN,NaN,NaN,18998,53.32
1247,1,26126,10631,-1299.2,NaN,NaN,NaN,13832,53.35
1248,1,26143,10629,-1297.3,NaN,NaN,NaN,15413,53.25
1249,1,26140,10631,-1289.7,NaN,NaN,NaN,17810,53.65
1250,1,26139,10638,-1298,NaN,NaN,NaN,14658,53.379
1251,1,26127,10627,-1301.1,NaN,NaN,NaN,13545,53.425
1252,1,26129,10638,-1305.2,NaN,NaN,NaN,13409,53.431
1253,1,26143,10642,-1296.3,NaN,NaN,NaN,12779,53.333
1254,1,26127,10634,-1294.8,NaN,NaN,NaN,15519,53.407
1255,1,26139,10631,-1303.1,NaN,NaN,NaN,15908,53.394
1256,1,26137,10639,-1293.6,NaN,NaN,NaN,16175,53.438
1257,1,26123,10627,-1295,NaN,NaN,NaN,13037,53.387
1258,1,26126,10624,-1301.6,NaN,NaN,NaN,16064,53.387
1259,1,26125,10639,-1297.3,NaN,NaN,NaN,12610,53.363
1260,1,26131,10626,-1287.8,NaN,NaN,NaN,14417,53.39
1261,1,26120,10633,-1295.4,NaN,NaN,NaN,18770,53.399
1262,1,26140,10633,-1284.7,NaN,NaN,NaN,19185,53.431
1263,1,26142,10634,-1295.8,NaN,NaN,NaN,16215,53.422
1264,1,26125,10627,-1288.7,NaN,NaN,NaN,15368,53.432
1265,1,26137,10633,-1283,NaN,NaN,NaN,18071,53.426
1266,1,26124,10623,-1296.5,NaN,NaN,NaN,14744,53.372
1267,1,26133,10634,-1293,NaN,NaN,NaN,13907,53.416
1268,1,26115,10633,-1289.2,NaN,NaN,NaN,16022,53.439
1269,1,26135,10626,-1287.8,NaN,NaN,NaN,22740,53.435
1271,1,26128,10637,-1294.7,NaN,NaN,NaN,16949,53.43
1272,1,26126,10634,-1293.7,NaN,NaN,NaN,19402,53.503
1273,1,26132,10627,-1297.5,NaN,NaN,NaN,22349,53.481
1274,1,26127,10625,-1295.4,NaN,NaN,NaN,17499,53.407
1275,1,26125,10629,-1297.7,NaN,NaN,NaN,17646,53.411
1276,1,26121,10638,-1299.7,NaN,NaN,NaN,20961,53.424
1277,1,26128,10637,-1293.6,NaN,NaN,NaN,15759,53.391
1278,1,26128,10626,-1280.5,NaN,NaN,NaN,14211,53.43
1279,1,26129,10627,-1293,NaN,NaN,NaN,15899,53.388
1280,1,26122,10631,-1278.5,NaN,NaN,NaN,18307,53.442
1281,1,26129,10628,-1288.1,NaN,NaN,NaN,18331,53.37
1282,1,26137,10627,-1288.7,NaN,NaN,NaN,23228,53.479
1283,1,26130,10632,-1276.3,NaN,NaN,NaN,14151,53.368
1284,1,26125,10629,-1296.4,NaN,NaN,NaN,15006,53.428
1285,1,26133,10638,-1287.7,NaN,NaN,NaN,16573,53.384
1286,1,26127,10635,-1289.1,NaN,NaN,NaN,20210,53.38
1287,1,26133,10632,-1276.3,NaN,NaN,NaN,17082,53.41
1288,1,26139,10635,-1290.6,NaN,NaN,NaN,13490,53.4
1290,1,26127,10632,-1291,NaN,NaN,NaN,14891,53.203
1291,1,26144,10635,-1300.6,NaN,NaN,NaN,16622,53.344
1292,1,26130,10631,-1295,NaN,NaN,NaN,17338,53.247
1293,1,26141,10640,-1300.3,NaN,NaN,NaN,20313,53.32
1294,1,26137,10634,-1296.3,NaN,NaN,NaN,18554,53.317
1295,1,26128,10636,-1301,NaN,NaN,NaN,15757,53.244
1296,1,26135,10635,-1307.7,NaN,NaN,NaN,19411,53.299
1297,1,26127,10630,-1305.8,NaN,NaN,NaN,19465,53.353
1298,1,26127,10627,-1304.7,NaN,NaN,NaN,18764,53.323
1299,1,26127,10634,-1307,NaN,NaN,NaN,20641,53.352
1300,1,26135,10621,-1306.1,NaN,NaN,NaN,18117,53.387
1301,1,26146,10627,-1310.7,NaN,NaN,NaN,14067,53.235
1302,1,26140,10641,-1308.7,NaN,NaN,NaN,16702,53.28
1303,1,26138,10634,-1303.6,NaN,NaN,NaN,18453,53.34
1304,1,26131,10631,-1302.7,NaN,NaN,NaN,18111,53.307
1305,1,26128,10627,-1303,NaN,NaN,NaN,16565,53.272
1306,1,26125,10637,-1310,NaN,NaN,NaN,18458,53.296
1307,1,26139,10631,-1308.1,NaN,NaN,NaN,17313,53.374
1308,1,26136,10644,-1308.3,NaN,NaN,NaN,20733,53.326
1309,1,26131,10632,-1308.4,NaN,NaN,NaN,16719,53.198
1310,1,26138,10636,-1305,NaN,NaN,NaN,13070,53.317
1312,1,26134,10638,-1308.9,NaN,NaN,NaN,12920,53.266
1313,1,26136,10628,-1308.5,NaN,NaN,NaN,15279,53.364
1314,1,26139,10629,-1308.3,NaN,NaN,NaN,14588,53.332
1315,1,26134,10631,-1308.7,NaN,NaN,NaN,13886,53.333
1317,1,26133,10629,-1311,NaN,NaN,NaN,18736,53.39
1318,1,26140,10625,-1310,NaN,NaN,NaN,15751,53.412
1319,1,26137,10625,-1305.3,NaN,NaN,NaN,19101,53.338
1320,1,26128,10633,-1307.9,NaN,NaN,NaN,13614,53.261
1322,1,26130,10633,-1309.1,NaN,NaN,NaN,15699,53.285
1323,1,26129,10631,-1307.6,NaN,NaN,NaN,13496,53.251
1325,1,26126,10637,-1310.5,NaN,NaN,NaN,15623,53.26
1326,1,26134,10630,-1309.5,NaN,NaN,NaN,14737,53.313
1327,1,26125,10633,-1307.2,NaN,NaN,NaN,12990,53.284
1330,1,26132,10624,-1307.7,NaN,NaN,NaN,13446,53.209
1331,1,26123,10630,-1308.6,NaN,NaN,NaN,12350,53.161
1332,1,26137,10624,-1310.4,NaN,NaN,NaN,14696,53.216
1333,1,26134,10630,-1307.4,NaN,NaN,NaN,17289,53.2
1336,1,26132,10629,-1309.7,NaN,NaN,NaN,15938,53.235
1337,1,26146,10625,-1307.8,NaN,NaN,NaN,16385,53.22
1338,1,26137,10624,-1306.8,NaN,NaN,NaN,15184,53.226
1339,1,26128,10629,-1309.4,NaN,NaN,NaN,16926,53.33
1341,1,26139,10624,-1300.3,NaN,NaN,NaN,17156,53.265
1342,1,26144,10635,-1303.3,NaN,NaN,NaN,12592,53.156
1343,1,26143,10628,-1302.5,NaN,NaN,NaN,16085,53.131
1345,1,26128,10629,-1309.9,NaN,NaN,NaN,16242,53.164
1346,1,26129,10625,-1309.1,NaN,NaN,NaN,15818,53.229
1347,1,26136,10634,-1307.7,NaN,NaN,NaN,17073,53.146
1348,1,26140,10624,-1307,NaN,NaN,NaN,16627,53.183
1349,1,26135,10631,-1306.9,NaN,NaN,NaN,16875,53.086
1350,1,26126,10630,-1305.8,NaN,NaN,NaN,16112,53.138
1351,1,26135,10633,-1309,NaN,NaN,NaN,18003,53.172
1352,1,26127,10625,-1307.4,NaN,NaN,NaN,17149,53.173
1353,1,26143,10639,-1303.9,NaN,NaN,NaN,14709,53.135
1354,1,26150,10627,-1298.1,NaN,NaN,NaN,17132,53.148
1355,1,26138,10630,-1305,NaN,NaN,NaN,12583,53.068
1356,1,26124,10623,-1308.7,NaN,NaN,NaN,17440,53.165
1357,1,26138,10625,-1303.8,NaN,NaN,NaN,18718,53.12
1358,1,26136,10627,-1304.5,NaN,NaN,NaN,17194,53.148
1359,1,26124,10638,-1301.2,NaN,NaN,NaN,16398,53.139
1360,1,26118,10620,-1303.6,NaN,NaN,NaN,17522,53.064
1361,1,26131,10621,-1301.3,NaN,NaN,NaN,18285,53.113
1362,1,26132,10636,-1304.7,NaN,NaN,NaN,15799,53.073
1363,1,26126,10630,-1308.2,NaN,NaN,NaN,16443,53.051
1364,1,26124,10639,-1302.5,NaN,NaN,NaN,17063,53.137
1365,1,26142,10625,-1287.4,NaN,NaN,NaN,16165,53.08
1366,1,26152,10624,-1307.9,NaN,NaN,NaN,16688,53.116
1367,1,26134,10633,-1300.1,NaN,NaN,NaN,20936,53.166
1368,1,26133,10638,-1306,NaN,NaN,NaN,15401,53.053
1369,1,26120,10623,-1301.3,NaN,NaN,NaN,15021,53.048
1370,1,26136,10633,-1292.8,NaN,NaN,NaN,15959,53.079
1371,1,26138,10635,-1301.9,NaN,NaN,NaN,19434,53.081
1372,1,26146,10628,-1297,NaN,NaN,NaN,14555,53.103
1373,1,26132,10629,-1305.7,NaN,NaN,NaN,15346,53.14
1374,1,26121,10628,-1291.6,NaN,NaN,NaN,16382,53.039
1375,1,26126,10625,-1302.3,NaN,NaN,NaN,15444,53.113
1376,1,26135,10627,-1304.1,NaN,NaN,NaN,17748,53.077
1377,1,26129,10635,-1306.4,NaN,NaN,NaN,16737,53.145
1378,1,26139,10628,-1298.3,NaN,NaN,NaN,17526,53.147
1379,1,26141,10637,-1300.4,NaN,NaN,NaN,13959,53.076
1380,1,26136,10639,-1309.1,NaN,NaN,NaN,18966,53.203
1381,1,26134,10630,-1310.3,NaN,NaN,NaN,17474,53.211
1382,1,26131,10628,-1303.8,NaN,NaN,NaN,21178,53.161
1383,1,26137,10624,-1303.9,NaN,NaN,NaN,13378,53.199
1384,1,26130,10641,-1303.2,NaN,NaN,NaN,16882,53.122
1385,1,26138,10638,-1300.5,NaN,NaN,NaN,18562,53.171
1386,1,26132,10641,-1305.2,NaN,NaN,NaN,16053,53.122
1387,1,26128,10620,-1293.3,NaN,NaN,NaN,12609,53.146
1389,1,26133,10628,-1297.9,NaN,NaN,NaN,18205,53.171
1390,1,26132,10622,-1302.9,NaN,NaN,NaN,15896,53.239
1391,1,26142,10626,-1297.8,NaN,NaN,NaN,12594,53.154
1392,1,26131,10627,-1306.4,NaN,NaN,NaN,15517,53.183
1393,1,26138,10632,-1303.2,NaN,NaN,NaN,17090,53.234
1394,1,26141,10631,-1297.2,NaN,NaN,NaN,16804,53.26
1395,1,26141,10639,-1284,NaN,NaN,NaN,17179,53.149
1396,1,26136,10644,-1300.6,NaN,NaN,NaN,16388,53.222
1397,1,26135,10627,-1291.4,NaN,NaN,NaN,14009,53.129
1398,1,26140,10621,-1302.2,NaN,NaN,NaN,16682,53.178
1399,1,26132,10629,-1294.2,NaN,NaN,NaN,15463,53.162
1400,1,26137,10630,-1298.4,NaN,NaN,NaN,15193,53.169
1401,1,26134,10634,-1293.9,NaN,NaN,NaN,12674,53.217
1402,1,26136,10634,-1307.1,NaN,NaN,NaN,13603,53.269
1403,1,26141,10635,-1301.3,NaN,NaN,NaN,13396,53.237
1404,1,26134,10628,-1305.4,NaN,NaN,NaN,17449,53.276
1405,1,26134,10628,-1296.8,NaN,NaN,NaN,17280,53.151
1406,1,26139,10646,-1307,NaN,NaN,NaN,21868,53.226
1407,1,26133,10634,-1303.8,NaN,NaN,NaN,19135,53.199
1408,1,26145,10635,-1294.6,NaN,NaN,NaN,21374,53.222
1409,1,26124,10632,-1299.6,NaN,NaN,NaN,22583,53.299
1410,1,26142,10634,-1300.1,NaN,NaN,NaN,19298,53.241
1411,1,26130,10623,-1293,NaN,NaN,NaN,15316,53.307
1412,1,26132,10629,-1299.1,NaN,NaN,NaN,11878,53.234
1413,1,26144,10632,-1299.4,NaN,NaN,NaN,19327,53.314
1414,1,26118,10629,-1295.1,NaN,NaN,NaN,12263,53.097
1415,1,26146,10632,-1300.2,NaN,NaN,NaN,17829,53.216
1416,1,26140,10646,-1306.5,NaN,NaN,NaN,13892,53.3
1417,1,26126,10636,-1285.4,NaN,NaN,NaN,14430,53.268
1418,1,26137,10632,-1294.3,NaN,NaN,NaN,14367,53.197
1419,1,26134,10628,-1301.3,NaN,NaN,NaN,17455,53.217
1420,1,26128,10628,-1299.2,NaN,NaN,NaN,15246,53.287
1421,1,26138,10632,-1283.8,NaN,NaN,NaN,11776,53.209
1423,1,26136,10633,-1300,NaN,NaN,NaN,14269,53.241
1424,1,26147,10640,-1293.4,NaN,NaN,NaN,18773,53.219
1425,1,26126,10632,-1302.2,NaN,NaN,NaN,17622,53.288
1426,1,26125,10631,-1296.1,NaN,NaN,NaN,19076,53.255
1427,1,26130,10633,-1295.7,NaN,NaN,NaN,18632,53.306
1428,1,26136,10631,-1287.4,NaN,NaN,NaN,17211,53.26
1429,1,26134,10628,-1299.6,NaN,NaN,NaN,13594,53.223
1430,1,26133,10635,-1293.9,NaN,NaN,NaN,16116,53.26
1431,1,26138,10641,-1293.1,NaN,NaN,NaN,18060,53.31
1432,1,26129,10628,-1296.9,NaN,NaN,NaN,20189,53.245
1433,1,26131,10638,-1302.2,NaN,NaN,NaN,18650,53.251
1434,1,26142,10645,-1295,NaN,NaN,NaN,15062,53.244
1435,1,26136,10634,-1295.6,NaN,NaN,NaN,18645,53.298
1436,1,26135,10643,-1290.9,NaN,NaN,NaN,16094,53.228
1437,1,26133,10638,-1301.1,NaN,NaN,NaN,15011,53.291
1438,1,26141,10642,-1291.1,NaN,NaN,NaN,16302,53.184
1439,1,26137,10637,-1297.7,NaN,NaN,NaN,12015,53.178
1440,1,26129,10643,-1295,NaN,NaN,NaN,13103,53.335
1441,1,26140,10634,-1295.8,NaN,NaN,NaN,14688,53.282
1442,1,26145,10634,-1294.8,NaN,NaN,NaN,14303,53.307
1443,1,26125,10631,-1289.9,NaN,NaN,NaN,19275,53.323
1444,1,26139,10635,-1288.5,NaN,NaN,NaN,18083,53.263
1445,1,26142,10645,-1295.7,NaN,NaN,NaN,18025,53.269
1446,1,26146,10637,-1289.5,NaN,NaN,NaN,18269,53.308
1447,1,26126,10630,-1275.4,NaN,NaN,NaN,19281,53.288
1448,1,26137,10630,-1290.1,NaN,NaN,NaN,19213,53.336
1449,1,26131,10628,-1272.8,NaN,NaN,NaN,12713,53.317
1450,1,26142,10635,-1289.5,NaN,NaN,NaN,14242,53.381
1451,1,26131,10630,-1281.5,NaN,NaN,NaN,14944,53.393
1452,1,26126,10627,-1279.9,NaN,NaN,NaN,14244,53.352
1453,1,26128,10625,-1288.3,NaN,NaN,NaN,13595,53.364
1454,1,26137,10631,-1289,NaN,NaN,NaN,14449,53.355
1455,1,26126,10646,-1275.5,NaN,NaN,NaN,14581,53.87
1456,1,26138,10641,-1282.9,NaN,NaN,NaN,16533,53.388
1457,1,26148,10635,-1278.6,NaN,NaN,NaN,16390,53.383
1458,1,26138,10632,-1294.3,NaN,NaN,NaN,17535,53.317
1459,1,26142,10643,-1281,NaN,NaN,NaN,18461,53.37
1460,1,26135,10633,-1276.5,NaN,NaN,NaN,17076,53.352
1461,1,26124,10630,-1281,NaN,NaN,NaN,17358,53.316
1462,1,26130,10624,-1290.5,NaN,NaN,NaN,14747,53.385
1463,1,26134,10629,-1285.7,NaN,NaN,NaN,17962,53.464
1464,1,26130,10629,-1272.5,NaN,NaN,NaN,14266,53.848
1465,1,26122,10630,-1285.7,NaN,NaN,NaN,14809,53.381
1466,1,26134,10626,-1278.9,NaN,NaN,NaN,16563,53.438
1467,1,26136,10629,-1282.2,NaN,NaN,NaN,15766,53.343
1468,1,26128,10637,-1283.1,NaN,NaN,NaN,16578,53.365
1469,1,26133,10630,-1274.2,NaN,NaN,NaN,18618,53.372
1470,1,26124,10629,-1287.2,NaN,NaN,NaN,17954,53.425
1471,1,26127,10632,-1267,NaN,NaN,NaN,13462,53.399
1472,1,26137,10638,-1287,NaN,NaN,NaN,13964,53.445
1473,1,26146,10631,-1277.2,NaN,NaN,NaN,14559,53.444
1474,1,26131,10620,-1280.3,NaN,NaN,NaN,18339,53.451
1475,1,26131,10638,-1258.2,NaN,NaN,NaN,16800,53.495
1476,1,26129,10636,-1285.5,NaN,NaN,NaN,13736,53.45
1477,1,26143,10629,-1277.7,NaN,NaN,NaN,12839,53.405
1478,1,26133,10633,-1269.4,NaN,NaN,NaN,17563,53.496
1479,1,26127,10634,-1255.7,NaN,NaN,NaN,13775,53.847
1480,1,26123,10636,-1287.8,NaN,NaN,NaN,13977,53.499
1481,1,26134,10630,-1279.1,NaN,NaN,NaN,14676,53.45
1482,1,26127,10630,-1282.8,NaN,NaN,NaN,13954,53.43
1483,1,26129,10619,-1284.4,NaN,NaN,NaN,16756,53.572
1484,1,26139,10641,-1256.2,NaN,NaN,NaN,15500,53.89
1485,1,26128,10631,-1266.4,NaN,NaN,NaN,19211,53.514
1486,1,26139,10631,-1270.1,NaN,NaN,NaN,15245,53.507
1487,1,26120,10625,-1270.8,NaN,NaN,NaN,13672,53.462
1488,1,26125,10631,-1260.1,NaN,NaN,NaN,16400,54.024
1489,1,26118,10629,-1259.6,NaN,NaN,NaN,19270,53.546
1490,1,26138,10635,-1264.2,NaN,NaN,NaN,16599,53.486
1491,1,26135,10631,-1250.9,NaN,NaN,NaN,16848,53.515
1492,1,26121,10629,-1278.7,NaN,NaN,NaN,16457,53.403
1493,1,26126,10632,-1281.6,NaN,NaN,NaN,17868,53.584
1494,1,26127,10631,-1253.1,NaN,NaN,NaN,16714,53.371
1495,1,26140,10646,-1263.7,NaN,NaN,NaN,19556,53.989
1496,1,26133,10633,-1261.8,NaN,NaN,NaN,18819,53.478
1497,1,26126,10633,-1274.5,NaN,NaN,NaN,15956,53.429
1498,1,26129,10634,-1264.3,NaN,NaN,NaN,18995,53.486
1499,1,26125,10635,-1272.8,NaN,NaN,NaN,18076,53.494
1500,1,26136,10643,-1274.8,NaN,NaN,NaN,17293,53.53
1501,1,26133,10635,-1264.1,NaN,NaN,NaN,19353,53.52
1502,1,26129,10657,-1282.1,NaN,NaN,NaN,18644,53.966
1503,1,26133,10641,-1274.9,NaN,NaN,NaN,14332,53.502
1504,1,26138,10638,-1265.7,NaN,NaN,NaN,13499,53.497
1505,1,26131,10640,-1274.2,NaN,NaN,NaN,15150,53.506
1506,1,26130,10635,-1254.7,NaN,NaN,NaN,16286,53.472
1507,1,26133,10643,-1267.9,NaN,NaN,NaN,17689,53.541
1508,1,26130,10637,-1263.2,NaN,NaN,NaN,17730,53.847
1509,1,26126,10629,-1270.4,NaN,NaN,NaN,20911,53.472
1510,1,26131,10639,-1282.3,NaN,NaN,NaN,18571,53.555
1511,1,26140,10646,-1282,NaN,NaN,NaN,20150,53.573
1512,1,26127,10635,-1280.6,NaN,NaN,NaN,16138,53.479
1513,1,26129,10630,-1268.2,NaN,NaN,NaN,19447,53.58
1514,1,26133,10645,-1279.8,NaN,NaN,NaN,16217,53.997
1515,1,26138,10637,-1260.9,NaN,NaN,NaN,19947,53.985
1516,1,26129,10642,-1274.9,NaN,NaN,NaN,17167,53.528
1517,1,26137,10635,-1276.1,NaN,NaN,NaN,15272,53.51
1518,1,26126,10635,-1278.8,NaN,NaN,NaN,18509,54.013
1519,1,26123,10642,-1271.6,NaN,NaN,NaN,17241,53.962
1520,1,26124,10638,-1272.1,NaN,NaN,NaN,15997,53.445
1521,1,26127,10637,-1277.8,NaN,NaN,NaN,13618,53.389
1522,1,26145,10641,-1251,NaN,NaN,NaN,15838,53.469
1523,1,26137,10639,-1284.1,NaN,NaN,NaN,17314,53.537
1524,1,26134,10643,-1274.5,NaN,NaN,NaN,18291,53.978
1525,1,26147,10643,-1274.6,NaN,NaN,NaN,15268,53.514
1526,1,26142,10638,-1268.2,NaN,NaN,NaN,20943,53.957
1527,1,26127,10629,-1283.3,NaN,NaN,NaN,15558,53.484
1528,1,26132,10634,-1277.9,NaN,NaN,NaN,18756,53.424
1529,1,26133,10636,-1278.9,NaN,NaN,NaN,20449,53.511
1530,1,26116,10633,-1271.1,NaN,NaN,NaN,16614,53.603
1531,1,26128,10639,-1273.2,NaN,NaN,NaN,15457,53.443
1532,1,26124,10633,-1270.1,NaN,NaN,NaN,15066,53.615
1533,1,26115,10638,-1276,NaN,NaN,NaN,17820,53.567
1534,1,26129,10627,-1280.8,NaN,NaN,NaN,13400,53.532
1535,1,26117,10632,-1282.8,NaN,NaN,NaN,14549,53.543
1537,1,26143,10639,-1255.9,NaN,NaN,NaN,16421,53.99
1538,1,26137,10641,-1272.2,NaN,NaN,NaN,15330,53.94
1539,1,26132,10639,-1270.5,NaN,NaN,NaN,17182,53.48
1540,1,26117,10630,-1275,NaN,NaN,NaN,15635,53.577
1541,1,26130,10640,-1277.8,NaN,NaN,NaN,21376,53.563
1542,1,26113,10636,-1278.4,NaN,NaN,NaN,17195,53.583
1543,1,26142,10634,-1276.8,NaN,NaN,NaN,16394,53.512
1544,1,26127,10641,-1269.6,NaN,NaN,NaN,19109,54.008
1545,1,26133,10634,-1268.7,NaN,NaN,NaN,18377,53.601
1546,1,26129,10637,-1263.4,NaN,NaN,NaN,18327,53.986
1547,1,26131,10636,-1253.4,NaN,NaN,NaN,15172,53.592
1548,1,26121,10632,-1265.9,NaN,NaN,NaN,16874,53.576
1549,1,26117,10637,-1274.4,NaN,NaN,NaN,15279,53.565
1550,1,26119,10644,-1274.1,NaN,NaN,NaN,17901,53.575
1551,1,26128,10639,-1264.4,NaN,NaN,NaN,14390,53.578
1552,1,26121,10643,-1262.4,NaN,NaN,NaN,16140,53.559
1553,1,26136,10625,-1260.6,NaN,NaN,NaN,15186,53.52
1554,1,26126,10640,-1265.9,NaN,NaN,NaN,15485,53.597
1555,1,26135,10654,-1265.3,NaN,NaN,NaN,18179,53.937
1556,1,26134,10638,-1270.6,NaN,NaN,NaN,14459,53.509
1557,1,26136,10645,-1274.4,NaN,NaN,NaN,19123,53.696
1558,1,26126,10637,-1253.1,NaN,NaN,NaN,16690,53.837
1559,1,26138,10637,-1261.8,NaN,NaN,NaN,16469,53.586
1560,1,26133,10647,-1271.5,NaN,NaN,NaN,13970,53.524
1561,1,26140,10636,-1260.6,NaN,NaN,NaN,15504,53.571
1562,1,26136,10639,-1283.1,NaN,NaN,NaN,16524,53.586
1563,1,26140,10628,-1280.3,NaN,NaN,NaN,17839,53.614
1564,1,26130,10632,-1283.2,NaN,NaN,NaN,15801,53.555
1565,1,26138,10632,-1282.7,NaN,NaN,NaN,13991,53.656
1566,1,26125,10640,-1255.9,NaN,NaN,NaN,13444,54.004
1567,1,26128,10646,-1279.4,NaN,NaN,NaN,14818,53.597
1568,1,26136,10626,-1277.5,NaN,NaN,NaN,17337,53.586
1569,1,26130,10640,-1277.8,NaN,NaN,NaN,15129,53.509
1570,1,26119,10638,-1259.3,NaN,NaN,NaN,17156,53.806
1571,1,26124,10634,-1271.4,NaN,NaN,NaN,18276,53.633
1572,1,26127,10641,-1278.6,NaN,NaN,NaN,17227,53.555
1573,1,26122,10637,-1278.2,NaN,NaN,NaN,15129,53.575
1574,1,26138,10641,-1260.7,NaN,NaN,NaN,16600,53.581
1575,1,26131,10635,-1279.1,NaN,NaN,NaN,17042,53.55
1576,1,26123,10637,-1268.5,NaN,NaN,NaN,18656,54.023
1577,1,26128,10636,-1267,NaN,NaN,NaN,18726,53.557
1578,1,26120,10645,-1287.5,NaN,NaN,NaN,16359,53.541
1579,1,26135,10636,-1273.2,NaN,NaN,NaN,14074,54.05
1580,1,26117,10635,-1281.3,NaN,NaN,NaN,14301,53.509
1581,1,26114,10643,-1260.5,NaN,NaN,NaN,13665,53.421
1582,1,26138,10648,-1262.4,NaN,NaN,NaN,16767,53.95
1583,1,26123,10634,-1261.2,NaN,NaN,NaN,17513,53.524
1584,1,26122,10640,-1257.3,NaN,NaN,NaN,18638,53.926
1585,1,26117,10626,-1262.7,NaN,NaN,NaN,20578,53.959
1586,1,26127,10640,-1277.1,NaN,NaN,NaN,14969,53.366
1587,1,26131,10636,-1271.7,NaN,NaN,NaN,14940,53.441
1588,1,26124,10625,-1271.5,NaN,NaN,NaN,16086,53.514
1589,1,26131,10643,-1264.3,NaN,NaN,NaN,19337,53.526
1590,1,26113,10636,-1252,NaN,NaN,NaN,19285,53.473
1591,1,26130,10634,-1272.2,NaN,NaN,NaN,23571,53.522
1592,1,26126,10634,-1268.2,NaN,NaN,NaN,16934,53.509
1593,1,26124,10640,-1273.8,NaN,NaN,NaN,16128,53.539
1594,1,26126,10640,-1255.2,NaN,NaN,NaN,13806,53.523
1595,1,26128,10643,-1270,NaN,NaN,NaN,12419,53.91
1596,1,26129,10634,-1253.5,NaN,NaN,NaN,16395,53.509
1597,1,26125,10638,-1260.7,NaN,NaN,NaN,16371,53.488
1598,1,26120,10639,-1264.1,NaN,NaN,NaN,15354,53.501
1599,1,26130,10639,-1267.1,NaN,NaN,NaN,17128,53.523
1600,1,26133,10639,-1256,NaN,NaN,NaN,18606,53.51
1601,1,26124,10641,-1259.4,NaN,NaN,NaN,18457,53.688
1602,1,26128,10638,-1261.7,NaN,NaN,NaN,15911,53.49
1603,1,26119,10627,-1251.2,NaN,NaN,NaN,20258,53.525
1604,1,26148,10641,-1258.4,NaN,NaN,NaN,19758,53.958
1605,1,26135,10635,-1277.5,NaN,NaN,NaN,15729,53.43
1606,1,26136,10636,-1253.5,NaN,NaN,NaN,18359,53.914
1607,1,26129,10634,-1274,NaN,NaN,NaN,21758,53.571
1608,1,26131,10629,-1259.4,NaN,NaN,NaN,16914,53.571
1609,1,26118,10644,-1270.6,NaN,NaN,NaN,18612,53.578
1610,1,26129,10641,-1244.4,NaN,NaN,NaN,16759,53.929
1611,1,26139,10642,-1257.5,NaN,NaN,NaN,18433,53.969
1612,1,26135,10642,-1274.5,NaN,NaN,NaN,17053,53.435
1613,1,26134,10631,-1247,NaN,NaN,NaN,19688,54.038
1614,1,26118,10633,-1277.9,NaN,NaN,NaN,18205,53.452
1615,1,26142,10646,-1272.9,NaN,NaN,NaN,14395,53.893
1616,1,26117,10631,-1256.3,NaN,NaN,NaN,15002,53.396
1617,1,26126,10635,-1275.8,NaN,NaN,NaN,16327,53.454
1618,1,26126,10638,-1278.3,NaN,NaN,NaN,16613,53.475
1619,1,26128,10649,-1275.9,NaN,NaN,NaN,18898,53.433
1620,1,26118,10642,-1260.4,NaN,NaN,NaN,17968,53.416
1621,1,26133,10639,-1269.7,NaN,NaN,NaN,12777,53.418
1622,1,26114,10633,-1266,NaN,NaN,NaN,12083,53.421
1624,1,26127,10635,-1282.1,NaN,NaN,NaN,13610,53.44
1625,1,26134,10642,-1262.2,NaN,NaN,NaN,16639,53.456
1626,1,26129,10621,-1273.4,NaN,NaN,NaN,12032,53.492
1628,1,26123,10641,-1268.7,NaN,NaN,NaN,12811,53.908
1630,1,26128,10632,-1265,NaN,NaN,NaN,15018,53.386
1631,1,26131,10640,-1265.6,NaN,NaN,NaN,14732,53.392
1632,1,26129,10622,-1267.9,NaN,NaN,NaN,17328,53.359
1633,1,26125,10631,-1283.2,NaN,NaN,NaN,17808,53.428
1635,1,26126,10641,-1263,NaN,NaN,NaN,13188,53.406
1636,1,26125,10638,-1270.3,NaN,NaN,NaN,19837,53.489
1637,1,26130,10639,-1267.3,NaN,NaN,NaN,23624,53.465
1638,1,26135,10636,-1264.1,NaN,NaN,NaN,18187,53.425
1639,1,26125,10638,-1258.5,NaN,NaN,NaN,17105,53.34
1640,1,26126,10635,-1255.8,NaN,NaN,NaN,18948,53.36
1641,1,26135,10641,-1265.5,NaN,NaN,NaN,16022,53.733
1642,1,26138,10640,-1269.4,NaN,NaN,NaN,15496,53.738
1643,1,26125,10637,-1275.6,NaN,NaN,NaN,14806,53.35
1644,1,26129,10632,-1266.2,NaN,NaN,NaN,16638,53.351
1645,1,26125,10634,-1260.1,NaN,NaN,NaN,14225,53.316
1646,1,26122,10637,-1264.6,NaN,NaN,NaN,17556,53.326
1647,1,26118,10643,-1236.7,NaN,NaN,NaN,17560,53.707
1648,1,26117,10634,-1254.6,NaN,NaN,NaN,19068,53.347
1649,1,26133,10645,-1272.9,NaN,NaN,NaN,19020,53.913
1650,1,26119,10633,-1267.5,NaN,NaN,NaN,18365,53.299
1651,1,26128,10637,-1263.7,NaN,NaN,NaN,16193,53.324
1652,1,26125,10631,-1281.9,NaN,NaN,NaN,17695,53.385
1653,1,26128,10634,-1286.3,NaN,NaN,NaN,16988,53.339
1654,1,26130,10632,-1279.2,NaN,NaN,NaN,13107,53.732
1655,1,26129,10637,-1274.4,NaN,NaN,NaN,15924,53.286
1656,1,26128,10646,-1276.6,NaN,NaN,NaN,16934,53.33
1657,1,26131,10630,-1281.6,NaN,NaN,NaN,17369,53.284
1658,1,26125,10629,-1258,NaN,NaN,NaN,16039,53.271
1659,1,26123,10635,-1275,NaN,NaN,NaN,13605,53.381
1660,1,26124,10640,-1283.9,NaN,NaN,NaN,13945,53.243
1661,1,26123,10632,-1277.9,NaN,NaN,NaN,12291,53.168
1662,1,26124,10633,-1284.4,NaN,NaN,NaN,13354,53.248
1663,1,26126,10642,-1281.8,NaN,NaN,NaN,17055,53.35
1664,1,26122,10648,-1280.6,NaN,NaN,NaN,14740,53.699
1665,1,26137,10639,-1290.5,NaN,NaN,NaN,15917,53.289
1666,1,26139,10646,-1276.9,NaN,NaN,NaN,16856,53.683
1667,1,26128,10636,-1269.3,NaN,NaN,NaN,16862,53.295
1668,1,26136,10628,-1276.3,NaN,NaN,NaN,18556,53.296
1669,1,26126,10645,-1285.1,NaN,NaN,NaN,15958,53.259
1670,1,26127,10638,-1263.1,NaN,NaN,NaN,21772,53.216
1671,1,26122,10640,-1287.2,NaN,NaN,NaN,17589,53.278
1672,1,26136,10641,-1272.3,NaN,NaN,NaN,18253,53.232
1673,1,26124,10646,-1280.8,NaN,NaN,NaN,15271,53.257
1675,1,26127,10637,-1286.3,NaN,NaN,NaN,13890,53.255
1676,1,26127,10629,-1291.4,NaN,NaN,NaN,16948,53.307
1677,1,26137,10643,-1285.8,NaN,NaN,NaN,19896,53.372
1678,1,26132,10643,-1265.3,NaN,NaN,NaN,12552,53.183
1679,1,26144,10644,-1277.6,NaN,NaN,NaN,16663,53.255
1680,1,26135,10638,-1280.1,NaN,NaN,NaN,21615,53.316
1681,1,26134,10642,-1266.8,NaN,NaN,NaN,21826,53.721
1682,1,26138,10627,-1280.3,NaN,NaN,NaN,15615,53.226
1683,1,26132,10642,-1284,NaN,NaN,NaN,18209,53.238
1684,1,26120,10634,-1286.4,NaN,NaN,NaN,14472,53.234
1685,1,26134,10639,-1295.2,NaN,NaN,NaN,17224,53.218
1686,1,26129,10637,-1292.5,NaN,NaN,NaN,13367,53.291
1687,1,26137,10643,-1268.8,NaN,NaN,NaN,15061,53.29
1688,1,26117,10639,-1279.1,NaN,NaN,NaN,12981,53.229
1689,1,26120,10644,-1261.1,NaN,NaN,NaN,17913,53.735
1690,1,26136,10639,-1286.3,NaN,NaN,NaN,11638,53.223
1691,1,26117,10635,-1278.9,NaN,NaN,NaN,14163,53.277
1692,1,26120,10630,-1284.2,NaN,NaN,NaN,17047,53.278
1693,1,26133,10631,-1285.7,NaN,NaN,NaN,13641,53.319
1694,1,26136,10635,-1288.2,NaN,NaN,NaN,16569,53.254
1695,1,26120,10635,-1300.7,NaN,NaN,NaN,12911,53.244
1696,1,26122,10635,-1283.8,NaN,NaN,NaN,16858,53.229
1697,1,26136,10636,-1283.3,NaN,NaN,NaN,16192,53.308
1698,1,26141,10635,-1273.3,NaN,NaN,NaN,19347,53.339
1699,1,26141,10640,-1290.2,NaN,NaN,NaN,18080,53.356
1700,1,26119,10629,-1287.2,NaN,NaN,NaN,18917,53.361
1701,1,26134,10642,-1291.2,NaN,NaN,NaN,15237,53.363
1702,1,26146,10647,-1296,NaN,NaN,NaN,15991,53.366
1703,1,26138,10638,-1283.1,NaN,NaN,NaN,16148,53.302
1704,1,26134,10636,-1294.6,NaN,NaN,NaN,18397,53.241
1705,1,26133,10635,-1279.8,NaN,NaN,NaN,18591,53.278
1706,1,26129,10626,-1279.1,NaN,NaN,NaN,13088,53.313
1707,1,26132,10635,-1290,NaN,NaN,NaN,12125,53.286
1708,1,26131,10638,-1285.7,NaN,NaN,NaN,15133,53.316
1709,1,26126,10644,-1285.1,NaN,NaN,NaN,17503,53.294
1710,1,26118,10633,-1295.1,NaN,NaN,NaN,16763,53.297
1711,1,26127,10638,-1290.6,NaN,NaN,NaN,16893,53.375
1712,1,26134,10634,-1283.4,NaN,NaN,NaN,17409,53.36
1713,1,26134,10644,-1283,NaN,NaN,NaN,17481,53.354
1714,1,26140,10646,-1281.1,NaN,NaN,NaN,13083,53.39
1715,1,26131,10644,-1288,NaN,NaN,NaN,15974,53.759
1716,1,26132,10633,-1284.8,NaN,NaN,NaN,13294,53.306
1717,1,26131,10645,-1283.4,NaN,NaN,NaN,11999,53.366
1718,1,26119,10638,-1280.4,NaN,NaN,NaN,18268,53.331
1719,1,26118,10623,-1293.3,NaN,NaN,NaN,17639,53.401
1720,1,26128,10635,-1280.2,NaN,NaN,NaN,18940,53.461
1721,1,26136,10633,-1291.4,NaN,NaN,NaN,13273,53.431
1722,1,26127,10640,-1282.8,NaN,NaN,NaN,15404,53.437
1723,1,26130,10627,-1296.6,NaN,NaN,NaN,13370,53.35
1724,1,26139,10631,-1293.9,NaN,NaN,NaN,20196,53.424
1725,1,26129,10650,-1280.1,NaN,NaN,NaN,15451,53.413
1726,1,26135,10639,-1293.4,NaN,NaN,NaN,15720,53.363
1727,1,26129,10633,-1294.7,NaN,NaN,NaN,16271,53.435
1728,1,26132,10645,-1301,NaN,NaN,NaN,11858,53.344
1729,1,26144,10649,-1281.5,NaN,NaN,NaN,13314,53.41
1730,1,26133,10638,-1288.5,NaN,NaN,NaN,15928,53.46
1731,1,26138,10643,-1291,NaN,NaN,NaN,16298,53.4
1732,1,26125,10640,-1297,NaN,NaN,NaN,12338,53.408
1733,1,26116,10630,-1285.5,NaN,NaN,NaN,20720,53.518
1734,1,26122,10641,-1288.1,NaN,NaN,NaN,13101,53.414
1735,1,26136,10634,-1286.8,NaN,NaN,NaN,19737,53.528
1736,1,26137,10645,-1300.5,NaN,NaN,NaN,17989,53.509
1737,1,26122,10633,-1288.3,NaN,NaN,NaN,18081,53.45
1738,1,26135,10643,-1295,NaN,NaN,NaN,15644,53.463
1739,1,26132,10644,-1295.5,NaN,NaN,NaN,17002,53.492
1740,1,26121,10639,-1294.9,NaN,NaN,NaN,17867,53.565
1741,1,26138,10635,-1292.5,NaN,NaN,NaN,16661,53.467
1742,1,26123,10632,-1285.5,NaN,NaN,NaN,19151,53.461
1743,1,26135,10633,-1295,NaN,NaN,NaN,14931,53.422
1744,1,26126,10633,-1285.4,NaN,NaN,NaN,18093,53.518
1745,1,26128,10639,-1280.4,NaN,NaN,NaN,17612,53.5
1746,1,26130,10637,-1286,NaN,NaN,NaN,16374,53.495
1747,1,26141,10633,-1294.8,NaN,NaN,NaN,19313,53.447
1748,1,26134,10647,-1294.1,NaN,NaN,NaN,21179,53.549
1749,1,26127,10630,-1284,NaN,NaN,NaN,14178,53.44
1750,1,26129,10629,-1290.2,NaN,NaN,NaN,16515,53.481
1751,1,26132,10640,-1289.6,NaN,NaN,NaN,14672,53.478
1752,1,26129,10639,-1286.7,NaN,NaN,NaN,15966,53.521
1753,1,26134,10637,-1277.5,NaN,NaN,NaN,20261,53.475
1754,1,26120,10646,-1292.9,NaN,NaN,NaN,16415,53.542
1755,1,26129,10635,-1288.5,NaN,NaN,NaN,14935,53.516
1756,1,26126,10634,-1296.2,NaN,NaN,NaN,12862,53.441
1757,1,26132,10644,-1295.5,NaN,NaN,NaN,15694,53.523
1758,1,26128,10624,-1286.7,NaN,NaN,NaN,16547,53.541
1759,1,26129,10638,-1287.6,NaN,NaN,NaN,17629,53.485
1760,1,26123,10630,-1287.4,NaN,NaN,NaN,15437,53.542
1761,1,26133,10638,-1290.8,NaN,NaN,NaN,16694,53.534
1762,1,26122,10622,-1293.3,NaN,NaN,NaN,17814,53.493
1763,1,26130,10634,-1297.1,NaN,NaN,NaN,18030,53.546
1764,1,26128,10648,-1297.2,NaN,NaN,NaN,18219,53.441
1765,1,26121,10636,-1297.2,NaN,NaN,NaN,14448,53.501
1766,1,26119,10636,-1290.9,NaN,NaN,NaN,15873,53.579
1767,1,26124,10640,-1290.1,NaN,NaN,NaN,13318,53.507
1768,1,26123,10642,-1295.9,NaN,NaN,NaN,19388,53.626
1769,1,26132,10644,-1287.3,NaN,NaN,NaN,18637,53.557
1770,1,26127,10637,-1288.7,NaN,NaN,NaN,20316,53.655
1771,1,26123,10639,-1294.7,NaN,NaN,NaN,18290,53.616
1772,1,26118,10633,-1295.1,NaN,NaN,NaN,18791,53.585
1773,1,26133,10640,-1298.4,NaN,NaN,NaN,17852,53.497
1774,1,26116,10628,-1293.4,NaN,NaN,NaN,20410,53.557
1775,1,26132,10635,-1295.4,NaN,NaN,NaN,14925,53.576
1776,1,26143,10640,-1298.1,NaN,NaN,NaN,17953,53.614
1777,1,26121,10631,-1291.8,NaN,NaN,NaN,16218,53.551
1778,1,26123,10635,-1287.2,NaN,NaN,NaN,15134,53.507
1779,1,26126,10642,-1304.5,NaN,NaN,NaN,16474,53.58
1780,1,26117,10643,-1305.1,NaN,NaN,NaN,16013,53.552
1781,1,26125,10648,-1286.5,NaN,NaN,NaN,19148,53.561
1782,1,26114,10642,-1297.9,NaN,NaN,NaN,17278,53.571
1783,1,26119,10643,-1291.8,NaN,NaN,NaN,18723,53.6
1784,1,26118,10635,-1297,NaN,NaN,NaN,16493,53.565
1785,1,26120,10628,-1281.9,NaN,NaN,NaN,16753,53.531
1786,1,26128,10647,-1299.7,NaN,NaN,NaN,14947,53.517
1787,1,26136,10645,-1299.4,NaN,NaN,NaN,18213,53.557
1788,1,26125,10644,-1295.8,NaN,NaN,NaN,14744,53.582
1789,1,26140,10643,-1296,NaN,NaN,NaN,17425,53.975
1790,1,26123,10647,-1293.4,NaN,NaN,NaN,18233,53.556
1791,1,26135,10635,-1292,NaN,NaN,NaN,15374,53.533
1792,1,26118,10639,-1281.9,NaN,NaN,NaN,20297,53.668
1793,1,26126,10639,-1296.1,NaN,NaN,NaN,13298,53.627
1794,1,26135,10645,-1286.9,NaN,NaN,NaN,14397,53.568
1795,1,26126,10638,-1290.3,NaN,NaN,NaN,15215,53.549
1796,1,26125,10645,-1287.9,NaN,NaN,NaN,12559,53.569
1797,1,26126,10628,-1290.3,NaN,NaN,NaN,13055,53.511
1798,1,26135,10644,-1277.1,NaN,NaN,NaN,16952,53.532
1799,1,26131,10644,-1277,NaN,NaN,NaN,12230,53.486
1800,1,26123,10639,-1275.4,NaN,NaN,NaN,14317,53.552
1801,1,26130,10644,-1284.1,NaN,NaN,NaN,17399,53.532
1802,1,26123,10648,-1290.2,NaN,NaN,NaN,15255,53.557
1803,1,26119,10632,-1281.1,NaN,NaN,NaN,17676,53.569
1804,1,26120,10633,-1280.6,NaN,NaN,NaN,14202,53.594
1805,1,26129,10646,-1278.7,NaN,NaN,NaN,18220,53.766
1806,1,26131,10644,-1290.3,NaN,NaN,NaN,21221,53.6
1807,1,26137,10639,-1284.6,NaN,NaN,NaN,19871,53.542
1808,1,26123,10648,-1294.8,NaN,NaN,NaN,16074,53.504
1809,1,26117,10634,-1288.2,NaN,NaN,NaN,16726,53.531
1810,1,26123,10645,-1280.3,NaN,NaN,NaN,13164,53.521
1811,1,26127,10634,-1283.8,NaN,NaN,NaN,14536,53.474
1812,1,26123,10638,-1284.1,NaN,NaN,NaN,15574,53.53
1813,1,26125,10641,-1299.9,NaN,NaN,NaN,12693,53.482
1814,1,26130,10631,-1289.1,NaN,NaN,NaN,16486,53.524
1815,1,26122,10641,-1289.8,NaN,NaN,NaN,16183,53.594
1816,1,26123,10649,-1272.9,NaN,NaN,NaN,18698,53.988
1817,1,26131,10635,-1287.2,NaN,NaN,NaN,16405,53.551
1818,1,26136,10643,-1284.9,NaN,NaN,NaN,19403,53.962
1819,1,26128,10638,-1271,NaN,NaN,NaN,16660,54.04
1820,1,26123,10636,-1275.4,NaN,NaN,NaN,16911,53.486
1821,1,26132,10634,-1280.3,NaN,NaN,NaN,17022,53.514
1822,1,26143,10645,-1278.6,NaN,NaN,NaN,14615,53.551
1823,1,26123,10628,-1290.1,NaN,NaN,NaN,12229,53.428
1824,1,26123,10644,-1280.8,NaN,NaN,NaN,13256,53.486
1825,1,26138,10640,-1280.4,NaN,NaN,NaN,17078,53.511
1826,1,26133,10649,-1294.1,NaN,NaN,NaN,13664,53.45
1827,1,26124,10630,-1291.7,NaN,NaN,NaN,17998,53.455
1828,1,26132,10641,-1288.9,NaN,NaN,NaN,17215,53.464
1829,1,26119,10638,-1286.3,NaN,NaN,NaN,17071,53.502
1830,1,26137,10643,-1282.9,NaN,NaN,NaN,16974,53.415
1831,1,26131,10641,-1287.5,NaN,NaN,NaN,19103,53.407
1832,1,26125,10647,-1294.8,NaN,NaN,NaN,14574,53.4
1833,1,26126,10635,-1290.8,NaN,NaN,NaN,19383,53.54
1834,1,26127,10638,-1294.9,NaN,NaN,NaN,15164,53.442
1835,1,26135,10639,-1280.8,NaN,NaN,NaN,16461,53.354
1836,1,26128,10638,-1278.8,NaN,NaN,NaN,18111,53.423
1837,1,26128,10635,-1288.9,NaN,NaN,NaN,16753,53.418
1838,1,26138,10645,-1276.6,NaN,NaN,NaN,18045,53.41
1839,1,26118,10649,-1291,NaN,NaN,NaN,15562,53.437
1840,1,26129,10649,-1291.3,NaN,NaN,NaN,19454,53.305
1841,1,26124,10634,-1273.7,NaN,NaN,NaN,19699,53.377
1842,1,26138,10644,-1278.9,NaN,NaN,NaN,18024,53.439
1843,1,26121,10642,-1291.6,NaN,NaN,NaN,15202,53.343
1844,1,26134,10651,-1296.5,NaN,NaN,NaN,15039,53.335
1845,1,26127,10632,-1284.3,NaN,NaN,NaN,15721,53.356
1846,1,26121,10639,-1290.7,NaN,NaN,NaN,16561,53.316
1847,1,26136,10645,-1294.8,NaN,NaN,NaN,15689,53.357
1848,1,26135,10645,-1291.7,NaN,NaN,NaN,16213,53.301
1849,1,26132,10639,-1289.2,NaN,NaN,NaN,18162,53.309
1850,1,26128,10644,-1292.2,NaN,NaN,NaN,20270,53.411
1851,1,26133,10646,-1292.9,NaN,NaN,NaN,18221,53.383
1852,1,26123,10631,-1298.8,NaN,NaN,NaN,16821,53.364
1853,1,26135,10640,-1292.3,NaN,NaN,NaN,19242,53.425
1854,1,26130,10647,-1289.3,NaN,NaN,NaN,16731,53.343
1855,1,26137,10646,-1278,NaN,NaN,NaN,18137,53.36
1856,1,26129,10637,-1285.7,NaN,NaN,NaN,15291,53.354
1857,1,26129,10638,-1294.5,NaN,NaN,NaN,15028,53.304
1858,1,26123,10637,-1278.6,NaN,NaN,NaN,11948,53.349
1859,1,26125,10644,-1296.1,NaN,NaN,NaN,11263,53.341
1860,1,26132,10643,-1285.2,NaN,NaN,NaN,11786,53.36
1861,1,26125,10643,-1298.4,NaN,NaN,NaN,15903,53.372
1862,1,26127,10639,-1278.1,NaN,NaN,NaN,17907,53.403
1863,1,26131,10631,-1294.2,NaN,NaN,NaN,13248,53.311
1864,1,26125,10642,-1284.2,NaN,NaN,NaN,15067,53.4
1865,1,26128,10644,-1295.8,NaN,NaN,NaN,15838,53.387
1866,1,26135,10637,-1279.5,NaN,NaN,NaN,12541,53.29
1867,1,26124,10638,-1295.4,NaN,NaN,NaN,12968,53.334
1868,1,26133,10640,-1294.6,NaN,NaN,NaN,18632,53.411
1869,1,26133,10640,-1290.2,NaN,NaN,NaN,12889,53.412
1870,1,26129,10637,-1286.5,NaN,NaN,NaN,16257,53.344
1871,1,26135,10635,-1290.5,NaN,NaN,NaN,15956,53.436
1872,1,26128,10639,-1299.7,NaN,NaN,NaN,18860,53.364
1873,1,26126,10643,-1292.7,NaN,NaN,NaN,14487,53.367
1874,1,26116,10647,-1292.3,NaN,NaN,NaN,16777,53.377
1875,1,26123,10640,-1290.4,NaN,NaN,NaN,14297,53.295
1876,1,26133,10655,-1300.9,NaN,NaN,NaN,16605,53.771
1877,1,26127,10641,-1283.9,NaN,NaN,NaN,19361,53.343
1878,1,26134,10642,-1293.5,NaN,NaN,NaN,17593,53.325
1879,1,26123,10630,-1287.5,NaN,NaN,NaN,16362,53.36
1880,1,26126,10648,-1305.8,NaN,NaN,NaN,12376,53.36
1881,1,26123,10644,-1297.8,NaN,NaN,NaN,14568,53.398
1882,1,26130,10654,-1290.8,NaN,NaN,NaN,12806,53.329
1883,1,26133,10639,-1284.2,NaN,NaN,NaN,12975,53.432
1884,1,26136,10644,-1299.1,NaN,NaN,NaN,12267,53.348
1885,1,26131,10629,-1293,NaN,NaN,NaN,14755,53.316
1886,1,26129,10636,-1302.6,NaN,NaN,NaN,12124,53.313
1887,1,26118,10640,-1297.8,NaN,NaN,NaN,14534,53.366
1888,1,26133,10642,-1286.7,NaN,NaN,NaN,14287,53.411
1889,1,26127,10634,-1292.7,NaN,NaN,NaN,14370,53.347
1890,1,26116,10628,-1293.3,NaN,NaN,NaN,15099,53.323
1891,1,26124,10638,-1287.5,NaN,NaN,NaN,21694,53.38
1892,1,26125,10639,-1279.1,NaN,NaN,NaN,20470,53.38
1893,1,26127,10638,-1280.5,NaN,NaN,NaN,19596,53.405
1894,1,26126,10637,-1294.4,NaN,NaN,NaN,22608,53.354
1895,1,26131,10643,-1288.8,NaN,NaN,NaN,13598,53.328
1896,1,26126,10644,-1295.8,NaN,NaN,NaN,15910,53.373
1898,1,26118,10635,-1282.4,NaN,NaN,NaN,18734,53.386
1899,1,26131,10638,-1274.9,NaN,NaN,NaN,19286,53.299
1900,1,26133,10631,-1296.4,NaN,NaN,NaN,16730,53.349
1901,1,26141,10640,-1295.5,NaN,NaN,NaN,17018,53.383
1902,1,26126,10644,-1300.5,NaN,NaN,NaN,17165,53.394
1903,1,26118,10630,-1287.8,NaN,NaN,NaN,23075,53.446
1904,1,26126,10629,-1277.1,NaN,NaN,NaN,17844,53.35
1905,1,26131,10643,-1291.2,NaN,NaN,NaN,19475,53.359
1906,1,26133,10645,-1287.1,NaN,NaN,NaN,20849,53.419
1907,1,26124,10641,-1269.6,NaN,NaN,NaN,16651,53.313
1908,1,26127,10647,-1305.5,NaN,NaN,NaN,14644,53.402
1909,1,26118,10644,-1300.6,NaN,NaN,NaN,17368,53.334
1910,1,26125,10651,-1287.4,NaN,NaN,NaN,19255,53.391
1911,1,26127,10642,-1298,NaN,NaN,NaN,15669,53.796
1912,1,26120,10643,-1290.5,NaN,NaN,NaN,13736,53.323
1913,1,26121,10632,-1291.1,NaN,NaN,NaN,13424,53.345
1914,1,26122,10643,-1295.9,NaN,NaN,NaN,14080,53.285
1915,1,26117,10635,-1287.4,NaN,NaN,NaN,14633,53.349
1916,1,26126,10648,-1280,NaN,NaN,NaN,19109,53.375
1917,1,26118,10636,-1287.7,NaN,NaN,NaN,14131,53.395
1918,1,26121,10627,-1289,NaN,NaN,NaN,16252,53.305
1919,1,26142,10642,-1289.4,NaN,NaN,NaN,18318,53.287
1920,1,26125,10641,-1279.6,NaN,NaN,NaN,18113,53.384
1921,1,26130,10630,-1294,NaN,NaN,NaN,19709,53.437
1922,1,26128,10632,-1298.8,NaN,NaN,NaN,18598,53.432
1923,1,26116,10632,-1284.1,NaN,NaN,NaN,15204,53.414
1924,1,26118,10634,-1295.5,NaN,NaN,NaN,12657,53.366
1925,1,26123,10642,-1296.9,NaN,NaN,NaN,12333,53.405
1926,1,26120,10634,-1293.5,NaN,NaN,NaN,14773,53.43
1927,1,26130,10634,-1294.4,NaN,NaN,NaN,16076,53.488
1928,1,26097,10622,-1293.9,NaN,NaN,NaN,13662,53.439
1929,1,26127,10640,-1295.4,NaN,NaN,NaN,16774,53.419
1930,1,26128,10639,-1303,NaN,NaN,NaN,16359,53.462
1931,1,26124,10637,-1291.4,NaN,NaN,NaN,17050,53.472
1933,1,26136,10627,-1293.5,NaN,NaN,NaN,19179,53.379
1934,1,26140,10632,-1292.4,NaN,NaN,NaN,14716,53.447
1935,1,26137,10640,-1293.5,NaN,NaN,NaN,17471,53.418
1936,1,26128,10641,-1294.1,NaN,NaN,NaN,15235,53.385
1937,1,26131,10634,-1294.4,NaN,NaN,NaN,17039,53.508
1938,1,26129,10654,-1298.4,NaN,NaN,NaN,16301,53.398
1939,1,26131,10646,-1300.1,NaN,NaN,NaN,15699,53.403
1940,1,26126,10637,-1290.1,NaN,NaN,NaN,18008,53.479
1941,1,26127,10638,-1299.6,NaN,NaN,NaN,14347,53.443
1942,1,26134,10643,-1296.7,NaN,NaN,NaN,15028,53.429
1943,1,26132,10642,-1294.5,NaN,NaN,NaN,12268,53.476
1944,1,26122,10633,-1296.4,NaN,NaN,NaN,17915,53.507
1945,1,26131,10638,-1301.6,NaN,NaN,NaN,15777,53.419
1946,1,26116,10639,-1303.3,NaN,NaN,NaN,15436,53.399
1947,1,26119,10634,-1289.7,NaN,NaN,NaN,17306,53.42
1948,1,26124,10641,-1296.2,NaN,NaN,NaN,16330,53.453
1949,1,26119,10644,-1303.1,NaN,NaN,NaN,16047,53.448
1950,1,26122,10629,-1289.9,NaN,NaN,NaN,16242,53.463
1951,1,26134,10638,-1292,NaN,NaN,NaN,16278,53.429
1952,1,26123,10637,-1290.9,NaN,NaN,NaN,15785,53.359
1953,1,26131,10632,-1297.9,NaN,NaN,NaN,20105,53.5
1954,1,26120,10639,-1301.2,NaN,NaN,NaN,18782,53.422
1955,1,26132,10641,-1297.8,NaN,NaN,NaN,17309,53.474
1957,1,26139,10637,-1291.2,NaN,NaN,NaN,12807,53.416
1958,1,26112,10640,-1300,NaN,NaN,NaN,18437,53.44
1959,1,26135,10637,-1293.6,NaN,NaN,NaN,19893,53.438
1960,1,26122,10637,-1295,NaN,NaN,NaN,17257,53.295
1961,1,26110,10629,-1291.3,NaN,NaN,NaN,18419,53.374
1962,1,26120,10638,-1301,NaN,NaN,NaN,19676,53.327
1963,1,26127,10640,-1295.5,NaN,NaN,NaN,15761,53.344
1964,1,26122,10629,-1293,NaN,NaN,NaN,16672,53.292
1965,1,26127,10639,-1293,NaN,NaN,NaN,18317,53.36
1966,1,26116,10635,-1297.3,NaN,NaN,NaN,18673,53.332
1967,1,26124,10641,-1284.3,NaN,NaN,NaN,16635,53.345
1968,1,26121,10635,-1294.3,NaN,NaN,NaN,12831,53.299
1969,1,26122,10645,-1292.8,NaN,NaN,NaN,16052,53.338
1970,1,26121,10640,-1287.2,NaN,NaN,NaN,17270,53.301
1971,1,26118,10634,-1295.5,NaN,NaN,NaN,17044,53.324
1972,1,26125,10633,-1293,NaN,NaN,NaN,15681,53.319
1973,1,26124,10633,-1288.5,NaN,NaN,NaN,16945,53.369
1974,1,26118,10637,-1294.6,NaN,NaN,NaN,16028,53.335
1975,1,26128,10631,-1286.9,NaN,NaN,NaN,17663,53.409
1976,1,26130,10632,-1294.2,NaN,NaN,NaN,18270,53.353
1977,1,26127,10647,-1292.1,NaN,NaN,NaN,14689,53.281
1978,1,26115,10638,-1281.6,NaN,NaN,NaN,15382,53.334
1979,1,26123,10645,-1291.3,NaN,NaN,NaN,15419,53.279
1980,1,26114,10640,-1288.8,NaN,NaN,NaN,11828,53.464
1981,1,26135,10646,-1284,NaN,NaN,NaN,15610,53.368
1982,1,26128,10640,-1293.4,NaN,NaN,NaN,12225,53.363
1984,1,26113,10630,-1279.3,NaN,NaN,NaN,11461,53.393
1985,1,26108,10629,-1286.2,NaN,NaN,NaN,15710,53.399
1986,1,26119,10647,-1272.4,NaN,NaN,NaN,14549,53.293
1987,1,26127,10642,-1271.7,NaN,NaN,NaN,14240,53.561
1988,1,26132,10647,-1278.5,NaN,NaN,NaN,16255,53.416
1989,1,26115,10632,-1294.2,NaN,NaN,NaN,16499,53.416
1990,1,26113,10638,-1284.2,NaN,NaN,NaN,20210,53.413
1991,1,26131,10640,-1293.4,NaN,NaN,NaN,12229,53.305
1992,1,26125,10634,-1290.5,NaN,NaN,NaN,17196,53.466
1993,1,26119,10642,-1286.1,NaN,NaN,NaN,16616,53.337
1994,1,26123,10641,-1280.1,NaN,NaN,NaN,11994,53.527
1995,1,26128,10635,-1283.6,NaN,NaN,NaN,12517,53.47
1996,1,26114,10630,-1289.3,NaN,NaN,NaN,17667,53.434
1997,1,26118,10641,-1277.5,NaN,NaN,NaN,15865,53.407
1998,1,26136,10642,-1285,NaN,NaN,NaN,14471,53.335
1999,1,26110,10627,-1291.9,NaN,NaN,NaN,20790,53.357
2000,1,26133,10636,-1282.3,NaN,NaN,NaN,16525,53.411
